,Oznaka,Ime_podjetja,Cena,Sprememba_cene,Sprememba_v_odstotkih,PE_razmerje,Stevilo_delnic,Sprememba_do_danes
0,FLWS,1-800 FLOWERS COM,13.64,-0.16,-1.16,24.8,0.004785,-5.93
1,SRCE,1ST SOURCE CORP,50.71,-0.08,-0.16,14.3,0.000322,-2.26
2,AHC,A H BELO CORP,2.9,0.009000000000000001,0.31,4.9,0.000275,2.84
3,AAON,AAON INC,50.85,0.84,1.68,53.0,0.00095,2.91
4,AIR,AAR CORP,46.78,0.01,0.02,17.9,0.001621,3.73
5,ABMD,ABIOMED INC,183.6,4.91,2.75,38.3,0.009758,7.63
6,ABM,ABM INDUSTRIES INC,38.72,0.32,0.83,20.3,0.002251,2.68
7,AXAS,ABRAXAS PETE CORP,0.35,-0.0045,-1.29,1.0,0.011,-1.71
8,ACTG,ACACIA RESEARCH CORP,2.7,0.0,0.0,0.0,0.000709,1.5
9,ACHC,ACADIA HEALTHCARE CO,33.41,-0.05,-0.15,0.0,0.0037619999999999997,0.57
10,ACAD,ACADIA PHARMACEUTICALS,45.58,1.17,2.62,0.0,0.017,6.53
11,AKR,ACADIA REALTY TRUST,25.01,-0.27,-1.07,53.2,0.007312000000000001,-3.55
12,AXDX,ACCELERATE DIAGNOSTICS,18.24,0.33,1.84,0.0,0.001704,7.93
13,ACCO,ACCO BRANDS CORP,8.69,-0.15,-1.7,9.1,0.003768,-7.16
14,ARAY,ACCURAY INC,2.61,-0.04,-1.51,0.0,0.0037840000000000005,-7.45
15,FLWS,1-800 FLOWERS COM,13.64,-0.16,-1.16,24.8,0.004785,-5.93
16,SRCE,1ST SOURCE CORP,50.71,-0.08,-0.16,14.3,0.000322,-2.26
17,AHC,A H BELO CORP,2.9,0.009000000000000001,0.31,4.9,0.000275,2.84
18,AAON,AAON INC,50.85,0.84,1.68,53.0,0.00095,2.91
19,AIR,AAR CORP,46.78,0.01,0.02,17.9,0.001621,3.73
20,ABMD,ABIOMED INC,183.6,4.91,2.75,38.3,0.009758,7.63
21,ABM,ABM INDUSTRIES INC,38.72,0.32,0.83,20.3,0.002251,2.68
22,AXAS,ABRAXAS PETE CORP,0.35,-0.0045,-1.29,1.0,0.011,-1.71
23,ACTG,ACACIA RESEARCH CORP,2.7,0.0,0.0,0.0,0.000709,1.5
24,ACHC,ACADIA HEALTHCARE CO,33.41,-0.05,-0.15,0.0,0.0037619999999999997,0.57
25,ACAD,ACADIA PHARMACEUTICALS,45.58,1.17,2.62,0.0,0.017,6.53
26,AKR,ACADIA REALTY TRUST,25.01,-0.27,-1.07,53.2,0.007312000000000001,-3.55
27,AXDX,ACCELERATE DIAGNOSTICS,18.24,0.33,1.84,0.0,0.001704,7.93
28,ACCO,ACCO BRANDS CORP,8.69,-0.15,-1.7,9.1,0.003768,-7.16
29,ARAY,ACCURAY INC,2.61,-0.04,-1.51,0.0,0.0037840000000000005,-7.45
30,ACRX,ACELRX PHARMACEUTICALS,1.97,-0.06,-2.96,0.0,0.009119,-6.64
31,ACHN,ACHILLION PHARM,6.23,0.01,0.16,0.0,0.022,3.32
32,ACIW,ACI WORLDWIDE INC,38.93,0.2,0.52,45.8,0.004678,2.76
33,ACOR,ACORDA THERAPEUTICS INC,2.28,0.02,0.88,0.0,0.019,11.76
34,AYI,ACUITY BRANDS INC,123.42,-19.7,-13.76,14.9,0.024,-10.57
35,ADES,ADA ES INC,10.89,-0.12,-1.09,6.1,0.001099,3.71
36,ADUS,ADDUS HOMECARE CORP,99.02,1.76,1.81,66.0,0.000951,1.85
37,ADTN,ADTRAN INC,9.79,-0.145,-1.46,0.0,0.002468,-1.06
38,AEIS,ADVANCED ENERGY INDS IN,71.5,0.66,0.93,41.8,0.002216,0.42
39,AEGN,AEGION CORP,21.99,0.3,1.38,0.0,0.000926,-1.7
40,AVAV,AEROVIRONMENT INC,69.71,1.15,1.68,43.0,0.002718,12.91
41,MITT,AG MORTGAGE INVT TR INC,15.62,0.08,0.51,,0.001442,1.3
42,AGYS,AGILYSYS INC,25.77,0.0,0.0,0.0,0.00109,1.42
43,ADC,AGREE REALTY CORP,69.6,-0.27,-0.39,39.3,0.006729000000000001,-0.81
44,ATSG,AIR TRANSPORT SERVICES,22.9,-0.45,-1.93,37.5,0.00198,-2.39
45,AYR,AIRCASTLE LTD,32.07,0.02,0.06,11.5,0.003754,0.19
46,AKS,AK STEEL HOLDING CORP,3.05,-0.1,-3.17,9.5,0.08,-7.29
47,AKRX,AKORN INC,1.27,0.02,1.6,0.0,0.02,-15.33
48,ALG,ALAMO GROUP INC,125.81,0.72,0.58,21.2,0.001034,0.21
49,AIN,ALBANY INTERNATIONAL,76.7,0.6,0.79,20.5,0.0017050000000000001,1.03
50,ALEX,ALEXANDER & BALDWIN INC,21.7,0.02,0.09,0.0,0.004204,3.53
51,ALX,ALEXANDERS INC,334.91,4.01,1.21,30.8,0.00010400000000000001,1.38
52,ALCO,ALICO INC,35.5,-0.68,-1.88,7.0,0.00016999999999999999,-0.92
53,ALGN,ALIGN TECHNOLOGY INC,296.54,10.54,3.69,56.9,0.013,6.27
54,ALIM,ALIMERA SCIENCES INC,6.56,-0.05,-0.76,0.0,0.000886,-13.46
55,ALGT,ALLEGIANT TRAVEL CO,175.14,1.4,0.81,13.4,0.001284,0.63
56,ALE,ALLETE INC,80.95,0.72,0.9,21.2,0.0017870000000000002,-0.27
57,AIQ,ALLIANCE HEALTHCARE SVC,18.65,0.215,1.17,,0.000405,4.16
58,ALNY,ALNYLAM PHARMACEUTICALS,118.06,2.59,2.24,0.0,0.0060409999999999995,2.51
59,AOSL,ALPHA & OMEGA SEMICON,13.57,0.205,1.53,678.5,0.000715,-0.37
60,ATEC,ALPHATEC HOLDINGS,6.65,-0.09,-1.34,0.0,0.002328,-6.27
61,RESI,ALTISOURCE RESIDENTIAL,12.3,-0.12,-0.97,0.0,0.001796,-0.32
62,AIMC,ALTRA HOLDINGS INC,36.46,0.13,0.36,39.2,0.003761,0.69
63,AMAG,AMAG PHARMACEUTICALS IN,12.31,-0.36,-2.84,0.0,0.026,1.11
64,AMBC,AMBAC FINL GROUP INC,21.5,-0.04,-0.19,0.0,0.001666,-0.32
65,AMBA,AMBARELLA INC,62.76,-1.83,-2.83,0.0,0.009156999999999998,3.63
66,AMED,AMEDISYS INC,172.66,0.83,0.48,44.8,0.001832,3.44
67,APEI,AMER PUBLIC EDUCATION,26.79,-0.34,-1.25,33.5,0.00041500000000000006,-2.19
68,AMRC,AMERESCO INC,19.58,0.35,1.82,27.6,0.002778,11.89
69,AAT,AMERICAN ASSETS TRST IN,45.4,-0.08,-0.18,59.0,0.002314,-1.09
70,AXL,AMERICAN AXLE & MFG,9.51,-0.13,-1.35,0.0,0.014,-11.62
71,AEL,AMERICAN EQUITY INVST,30.33,0.31,1.03,34.9,0.004326,1.34
72,AMNB,AMERICAN NATL BANKSHARE,38.31,-0.32,-0.83,20.5,0.00020299999999999997,-3.18
73,AWR,AMERICAN STATES WATER C,83.91,0.32,0.38,38.1,0.0030670000000000003,-3.15
74,AMSC,AMERICAN SUPERCONDUCTOR,7.4,-0.01,-0.13,370.0,0.0018579999999999998,-5.73
75,AVD,AMERICAN VANGUARD CORP,18.4,-0.11,-0.59,31.2,0.001042,-5.5
76,AMWD,AMERICAN WOODMARK CORP,107.39,0.58,0.54,20.4,0.000833,2.76
77,CRMT,AMERICAS CAR-MART INC,106.81,-1.66,-1.53,13.6,0.000612,-2.6
78,ABCB,AMERIS BANCORP,42.72,0.07,0.16,15.4,0.002151,0.42
79,AMSF,AMERISAFE INC,64.89,0.07,0.11,16.2,0.0005269999999999999,-1.73
80,ATLO,AMES NATL CORP,27.4,0.18,0.66,14.8,6.8e-05,-2.35
81,FOLD,AMICUS THERAPEUTICS INC,9.67,0.21,2.22,0.0,0.051,-0.72
82,AMKR,AMKOR TECHNOLOGY INC,12.93,-0.12,-0.92,61.6,0.008776,-0.54
83,AMPE,AMPIO PHARMACEUTICALS,0.69,-0.03,-4.17,0.0,0.012,18.34
84,AMRS,AMYRIS INC,2.94,-0.11,-3.61,0.0,0.017,-4.85
85,ANDE,ANDERSONS INC,24.93,-0.21,-0.84,20.9,0.0017420000000000003,-1.38
86,ANGI,ANGIES LIST INC,9.06,0.0,0.0,64.7,0.018,6.97
87,ANGO,ANGIODYNAMICS INC,15.05,-0.29,-1.89,0.0,0.005586,-6.0
88,ANIK,ANIKA THERAPEUTICS INC,50.13,-1.76,-3.39,23.3,0.0015710000000000001,-3.32
89,AXE,ANIXTER INTERNATIONAL,98.79,2.38,2.47,16.6,0.018,7.26
90,ATRS,ANTARES PHARMA INC,4.38,0.11,2.58,0.0,0.017,-6.81
91,ANH,ANWORTH MORTGAGE ASSET,3.52,-0.02,-0.56,0.0,0.0037939999999999996,0.0
92,APOG,APOGEE ENTERPRISES INC,33.75,0.65,1.96,20.2,0.0030989999999999998,3.85
93,ARI,APOLLO COMMERCIAL RE,18.13,0.1,0.55,13.9,0.011,-0.87
94,AINV,APOLLO INVESTMENT CORP,17.49,0.0,0.0,19.7,0.005295,0.17
95,AIT,APPLIED INDUSTRIAL TECH,65.5,-0.35,-0.53,19.0,0.002212,-1.78
96,ARC,ARC DOCUMENT SOLUTIONS,1.32,-0.06,-4.35,14.7,0.0008939999999999999,-5.04
97,ARNA,ARENA PHARMACEUTICALS,46.27,0.41,0.89,4.3,0.00307,1.87
98,ACRE,ARES COML REAL ESTATE,15.99,0.13,0.82,12.3,0.004105,0.95
99,AGX,ARGAN INC,40.96,-0.19,-0.46,39.1,0.0008550000000000001,2.04
100,AHH,ARMADA HOFFLER PPTYS IN,18.11,0.01,0.06,47.7,0.001431,-1.31
101,ARR,ARMOUR RESIDENTIAL REIT,18.6,0.22,1.2,0.0,0.008473,4.09
102,ARQL,ARQULE INC,20.0,-0.02,-0.1,0.0,0.028,0.2
103,AROW,ARROW FINANCIAL CORP,37.17,-0.13,-0.35,15.3,0.000188,-1.67
104,ABG,ASBURY AUTOMOTIVE GROUP,100.6,-2.53,-2.45,10.7,0.002963,-10.01
105,AHT,ASHFORD HOSPITALITY,2.67,0.0,0.0,0.0,0.003229,-4.3
106,AZPN,ASPEN TECHNOLOGY INC,136.2,5.06,3.86,35.4,0.007325,12.63
107,ASTE,ASTEC INDUSTRIES INC,43.01,0.06,0.14,0.0,0.001401,2.4
108,ATRO,ASTRONICS CORP,28.33,0.24,0.85,9.5,0.0015869999999999999,1.36
109,ATNI,ATLANTIC TELE-NETWORK,56.99,-0.15,-0.26,57.6,0.000589,2.89
110,AAWW,ATLAS AIR WORLDWIDE HLD,26.88,-0.28,-1.03,6.3,0.0017649999999999999,-2.5
111,ATRC,ATRICURE INC,33.71,1.05,3.21,0.0,0.001234,3.69
112,ATRI,ATRION CORP,716.5,1.29,0.18,36.6,0.0001,-4.66
113,AVEO,AVEO PHARMACEUTICALS IN,0.69,0.0059,0.87,5.3,0.008843,9.92
114,AVNW,AVIAT NETWORKS INC,13.96,0.015,0.11,7.4,7.6e-05,-0.64
115,AVID,AVID TECHNOLOGY INC,8.32,0.06,0.73,0.0,0.001188,-3.03
116,AVA,AVISTA CORP,46.89,0.05,0.11,16.1,0.008981999999999999,-2.5
117,ACLS,AXCELIS TECHNOLOGIES IN,24.65,-0.11,-0.44,52.4,0.001959,2.3
118,AZZ,AZZ INC,47.04,1.82,4.02,20.2,0.00434,2.37
119,BGS,B & G FOODS INC,16.35,-0.16,-0.97,6.1,0.014,-8.81
120,BMI,BADGER METER INC,63.56,-0.51,-0.8,40.5,0.0022329999999999997,-2.11
121,BKR,BAKER MICHAEL CORP,25.04,0.27,1.09,55.6,0.035,-2.3
122,BCPC,BALCHEM CORP,102.28,-1.1,-1.06,41.7,0.0018679999999999999,0.64
123,BANF,BANCFIRST CORP,61.85,0.0,0.0,15.6,0.000308,-0.94
124,BLX,BANCO LATINOAMERICANO,22.17,0.17,0.77,10.4,0.001065,3.7
125,TBBK,BANCORP INC,12.12,-0.14,-1.14,12.8,0.002143,-6.55
126,BXS,BANCORPSOUTH INC,30.76,-0.06,-0.19,14.4,0.002957,-2.07
127,BMRC,BANK OF MARIN BANCORP,44.07,-0.36,-0.81,17.6,0.000113,-2.18
128,BFIN,BANKFINANCIAL CORP,12.9,0.08,0.62,13.4,0.000139,-1.38
129,BANR,BANNER CORP,54.8,0.41,0.75,12.7,0.0022,-1.4
130,BHB,BAR HBR BANKSHARES,24.43,-0.07,-0.29,14.6,0.0002,-3.78
131,BBSI,BARRETT BUSINESS SERVIC,88.07,0.31,0.35,12.6,0.000465,-2.64
132,BSET,BASSETT FURNITURE INDS,16.25,-0.04,-0.25,33.2,0.000246,-2.58
133,BBX,BBX CAPITAL CORPORATION,4.26,-0.06,-1.39,17.0,0.000819,-10.69
134,BECN,BEACON ROOFING SUPPLY,34.61,-0.5,-1.42,0.0,0.004484,8.22
135,BBGI,BEASLEY BROADCAST GROUP,3.2,-0.11,-3.32,8.2,0.00041799999999999997,3.56
136,BZH,BEAZER HOMES USA INC,14.53,0.23,1.61,0.0,0.0022949999999999997,2.83
137,BDC,BELDEN INC,54.51,0.62,1.15,0.0,0.0015400000000000001,-0.89
138,BHE,BENCHMARK ELECTRONICS,34.63,0.12,0.35,25.5,0.002439,0.79
139,BHLB,BERKSHIRE HILLS BANCORP,31.87,0.02,0.06,18.7,0.001127,-3.07
140,BERY,BERRY PLASTICS GROUP,44.64,-0.13,-0.29,14.9,0.014,-6.0
141,BGCP,BGC PARTNERS INC,5.78,0.01,0.17,41.3,0.013,-2.69
142,BGFV,BIG 5 SPORTING GOODS,3.16,-0.02,-0.63,22.6,0.0011560000000000001,5.33
143,BDSI,BIODELIVERY SCIENCES,5.89,0.2,3.51,0.0,0.018,-6.8
144,BIOL,BIOLASE INC,0.6,0.011000000000000001,1.86,0.0,0.0011330000000000001,8.74
145,BIOS,BIOSCRIP INC,4.13,0.04,0.98,0.0,0.019,10.72
146,BJRI,BJS RESTAURANTS INC,39.99,0.49,1.24,20.5,0.003329,5.35
147,BKH,BLACK HILLS CORP,76.86,0.77,1.01,20.9,0.002677,-2.14
148,BLKB,BLACKBAUD INC,79.34,1.23,1.57,193.5,0.002774,-0.33
149,BKCC,BLACKROCK KELSO CAP COR,4.99,0.04,0.81,0.0,0.005564,0.5
150,BLMN,BLOOMIN' BRANDS INC,22.25,0.13,0.59,17.7,0.008772,0.82
151,BCOR,BLUCORA INC,25.24,-0.52,-2.02,105.2,0.004443,-3.44
152,BXC,BLUELINX HOLDINGS INC,14.39,-0.61,-4.07,0.0,0.001058,0.98
153,WIFI,BOINGO WIRELESS INC,10.86,0.27,2.55,0.0,0.006075,-0.82
154,BCC,BOISE CASCADE COMPANY,37.87,1.5,4.12,0.0,0.003507,3.67
155,BCEI,BONANZA CREEK ENER INC,22.63,-0.15,-0.66,2.7,0.00206,-3.04
156,SAM,BOSTON BEER INC,369.48,-3.9,-1.04,37.2,0.001049,-2.22
157,BPFH,BOSTON PRIVATE FINANCIA,12.18,0.02,0.16,10.8,0.003518,1.25
158,EPAY,BOTTOMLINE TECHNOLOGIES,53.81,-0.255,-0.47,244.6,0.001521,0.38
159,BYD,BOYD GAMING CORP,29.61,-0.18,-0.6,21.6,0.003498,-1.1
160,BRC,BRADY CORP,57.02,0.19,0.33,475.2,0.0017699999999999999,-0.42
161,BDGE,BRIDGE BANCORP INC,32.31,-0.2,-0.62,12.6,0.000207,-3.64
162,BGG,BRIGGS & STRATTON CO,5.32,-0.23,-4.14,0.0,0.008154,-20.12
163,BFAM,BRIGHT HORIZON FAMILY,160.74,2.24,1.41,53.2,0.0021969999999999997,6.95
164,BCOV,BRIGHTCOVE INC,8.89,0.055,0.62,0.0,0.000754,2.3
165,BCO,BRINKS CO,95.62,1.71,1.82,72.4,0.003184,5.45
166,BRKL,BROOKLINE BANCORP INC,16.04,-0.045,-0.28,14.9,0.002516,-2.55
167,BRKS,BROOKS AUTOMATION INC,42.13,0.71,1.71,324.1,0.005756,0.41
168,BMTC,BRYN MAWR BANK CORP,40.5,-0.19,-0.47,13.6,0.000794,-1.79
169,BKI,BUCKEYE TECHNOLOGIES IN,64.74,0.19,0.29,68.9,0.008815,0.4
170,BKE,BUCKLE INC,25.21,-1.35,-5.08,12.5,0.011,-6.77
171,BLDR,BUILDERS FIRSTSOURCE IN,26.29,0.1,0.38,13.2,0.00854,3.46
172,CFFI,C & F FINANCIAL CORP,52.81,0.5,0.96,10.0,7.02e-06,-4.55
173,CCMP,CABOT MICROELECTRONICS,151.28,2.87,1.93,112.1,0.0026060000000000002,4.82
174,CACI,CACI INTERNATIONAL INC,262.57,3.01,1.16,26.2,0.0025689999999999997,5.03
175,CZR,CAESARS ENTMT CORP,13.64,0.0,0.0,0.0,0.193,0.29
176,CALM,CAL MAINE FOODS INC,38.0,-0.025,-0.07,0.0,0.005622,-11.11
177,CAMP,CALAMP CORP,9.46,0.17,1.83,0.0,0.0046229999999999995,-1.25
178,CVGW,CALAVO GROWERS INC,82.37,-0.54,-0.65,39.6,0.00228,-9.07
179,CCC,CALGON CARBON CORP,17.25,0.18,1.05,0.0,0.015,2.68
180,CWT,CALIFORNIA WTR SVC GRP,49.73,0.31,0.63,35.5,0.002471,-3.55
181,CALX,CALIX INC,8.28,0.12,1.47,0.0,0.001567,3.5
182,ELY,CALLAWAY GOLF CO,21.98,0.34,1.57,26.2,0.01,3.68
183,CPE,CALLON PETROLEUM CO,4.36,-0.06,-1.36,4.2,0.225,-9.73
184,CAC,CAMDEN NATIONAL CORP,45.6,-0.4,-0.87,12.7,0.000404,-1.0
185,CCBG,CAPITAL CITY BANK GROUP,29.33,-0.29,-0.98,16.1,0.00025,-3.84
186,CSU,CAPITAL SENIOR LIVING,3.16,0.0,0.0,0.0,0.000795,2.27
187,CSWC,CAPITAL SOUTHWEST CORP,20.76,0.11,0.53,14.9,0.000798,-0.24
188,CFFN,CAPITOL FEDERAL FINL IN,13.66,0.04,0.29,20.1,0.002153,-0.51
189,CMO,CAPSTEAD MORTGAGE CORP,7.92,-0.06,-0.75,0.0,0.003268,0.0
190,CPST,CAPSTONE TURBINE CORP,3.05,-0.15,-4.69,0.0,0.0010689999999999999,-0.33
191,CSII,CARDIOVASCULAR SYS INC,50.16,1.19,2.43,0.0,0.00355,3.23
192,CATM,CARDTRONICS INC,43.24,0.51,1.19,67.6,0.002826,-3.16
193,CSV,CARRIAGE SERVICES INC,25.08,-0.2,-0.79,50.2,0.000547,-2.03
194,TAST,CARROLS RESTAURANT GRP,6.75,0.07,1.05,0.0,0.004268,-4.26
195,CWST,CASELLA WASTE SYSTEMS,47.79,0.39,0.82,298.7,0.001416,3.82
196,CASY,CASEYS GENERAL STORES,164.21,1.18,0.72,25.9,0.002418,3.28
197,CASS,CASS INFORMATION SYSTEM,56.48,-0.28,-0.49,26.7,0.000389,-2.18
198,CATY,CATHAY GENERAL BANCORP,37.65,0.1,0.27,10.9,0.0017640000000000002,-1.05
199,CATO,CATO CORP,16.45,-1.13,-6.43,11.3,0.001848,-5.46
200,CVCO,CAVCO INDUSTRIES INC,197.93,0.89,0.45,24.3,0.000528,1.31
201,CBZ,CBIZ INC,27.1,-0.07,-0.26,21.3,0.001585,0.52
202,CECE,CECO ENVIRONMENTAL CORP,7.82,0.08,1.03,27.9,0.00047300000000000006,2.09
203,CDR,CEDAR REALTY TRUST INC,2.85,-0.05,-1.72,57.1,0.003617,-3.39
204,CTIC,CELL THERAPEUTICS INC,1.44,0.05,3.6,0.0,0.002641,-8.86
205,CLDX,CELLDEX THERAPEUTICS IN,2.52,-0.07,-2.7,0.0,0.00116,13.0
206,CNC,CENTENE CORP,64.16,-0.21,-0.33,19.9,0.025,2.05
207,CSFL,CENTERSTATE BANKS INC,24.13,-0.1,-0.41,13.2,0.002994,-3.4
208,CETV,CENTRAL EUROPEAN MEDIA,4.47,0.0,0.0,13.5,0.001356,-1.32
209,CPF,CENTRAL PACIFIC FINL,28.83,-0.06,-0.21,13.9,0.002948,-2.54
210,CENX,CENTURY ALUMINUM CO,7.06,-0.44,-5.87,0.0,0.03,-6.05
211,CERS,CERUS CORP,4.6,0.08,1.77,0.0,0.006241,9.0
212,CEVA,CEVA INC,27.62,0.24,0.88,0.0,0.0010789999999999999,2.45
213,ECOM,CHANNELADVISOR CORP,9.4,-0.09,-0.95,0.0,0.0009939999999999999,3.98
214,GTLS,CHART INDUSTRIES INC,69.54,0.45,0.65,45.5,0.002815,3.04
215,CCF,CHASE CORP,103.17,-5.27,-4.86,31.3,0.000199,-12.92
216,CLDT,CHATHAM LODGING TR,17.58,-0.07,-0.4,40.9,0.0018059999999999999,-4.14
217,CAKE,CHEESECAKE FACTORY INC,39.74,0.1,0.25,18.8,0.00343,2.26
218,CHEF,CHEFS' WHAREHOUSE INC,38.7,-0.21,-0.54,51.6,0.002525,1.55
219,CHE,CHEMED CORPORATION,455.79,7.66,1.71,36.2,0.000522,3.76
220,CCXI,CHEMOCENTRYX INC,38.47,1.68,4.57,0.0,0.008998,-2.73
221,CHMG,CHEMUNG FINL CORP,42.35,-0.03,-0.07,12.0,5.6999999999999996e-05,-0.35
222,CPK,CHESAPEAKE UTILITIES,91.46,0.19,0.21,24.5,0.0005009999999999999,-4.56
223,PLCE,CHILDRENS PLACE RETAIL,65.16,0.47,0.73,16.8,0.007499,4.22
224,CMRX,CHIMERIX INC,2.15,-0.02,-0.92,0.0,0.004422,5.91
225,CHDN,CHURCHILL DOWNS INC,137.19,1.57,1.16,38.9,0.001594,-0.01
226,CHUY,CHUY'S HOLDINGS INC,25.91,-0.19,-0.73,39.9,0.0008320000000000001,-0.04
227,CBB,CINCINNATI BELL INC,10.68,0.14,1.33,0.0,0.007102,2.01
228,CIR,CIRCOR INTERNATIONAL IN,44.27,0.1,0.23,0.0,0.0006349999999999999,-4.26
229,CRUS,CIRRUS LOGIC INC,85.34,1.05,1.25,44.0,0.0054280000000000005,3.56
230,CTRN,CITI TRENDS INC,22.06,-0.33,-1.47,18.7,0.000709,-4.58
231,CZNC,CITIZENS & NORTHERN COR,27.98,0.62,2.27,18.4,0.00010700000000000001,-0.96
232,CIA,CITIZENS INC,6.77,-0.04,-0.59,0.0,0.000411,0.3
233,CHCO,CITY HOLDING CO,81.59,-0.12,-0.15,17.3,0.000439,-0.44
234,CLNE,CLEAN ENERGY FUELS CORP,2.69,0.08,3.07,0.0,0.007193000000000001,14.96
235,CLW,CLEARWATER PAPER CORP,18.93,-0.38,-1.97,0.0,0.0013189999999999999,-11.38
236,CLVS,CLOVIS ONCOLOGY INC,9.98,-0.79,-7.38,0.0,0.116,-4.27
237,CCNE,CNB FINL CORP PA,31.6,-0.29,-0.91,12.5,0.00021400000000000002,-3.3
238,CNO,CNO FINANCIAL GROUP,18.02,0.08,0.45,18.0,0.009428,-0.61
239,COKE,COCA COLA BOTTLING,276.46,-0.8,-0.29,0.0,0.00038500000000000003,-2.67
240,CDE,COEUR MINING INC,6.4,0.11,1.75,0.0,0.091,-20.79
241,CCOI,COGENT COMMUNICATIONS,70.5,1.26,1.82,87.0,0.0048200000000000005,7.13
242,CGNX,COGNEX CORP,56.07,0.53,0.95,57.8,0.006156,0.05
243,CNS,COHEN & STEERS INC,62.99,0.85,1.37,24.6,0.001583,0.37
244,COHR,COHERENT INC,172.45,-0.47,-0.27,77.7,0.002432,3.67
245,COHU,COHU INC,23.33,-0.07,-0.3,0.0,0.0018679999999999999,2.1
246,CSTR,COINSTAR INC,16.19,-0.16,-0.98,20.5,0.000204,-2.76
247,CLNY,COLONY FINANCIAL INC,4.84,0.01,0.21,0.0,0.016,1.89
248,COLB,COLUMBIA BKG SYSTEM INC,39.19,-0.31,-0.78,14.8,0.002442,-3.67
249,COLM,COLUMBIA SPORTSWEAR CO,99.75,-0.62,-0.62,20.9,0.003075,-0.44
250,CMCO,COLUMBUS MCKINNON CORP,38.65,-0.47,-1.2,17.0,0.0028120000000000003,-3.45
251,FIX,COMFORT SYSTEMS USA INC,48.37,-0.35,-0.72,17.1,0.0017829999999999999,-2.97
252,CMC,COMMERCIAL METALS CO,22.8,-0.37,-1.6,10.4,0.021,2.38
253,CVGI,COMMERCIAL VEH GROUP IN,6.0,-0.16,-2.6,5.2,0.001338,-5.51
254,CBU,COMMUNITY BANK SYSTEMS,71.21,0.5,0.71,22.3,0.0033909999999999995,0.38
255,CTBI,COMMUNITY TRUST BANCORP,46.04,-0.1,-0.22,12.7,0.000251,-1.29
256,CVLT,COMMVAULT SYSTEMS INC,45.6,0.39,0.86,0.0,0.007001,2.15
257,CPSI,COMPUTER PROGRAMS & SYS,26.0,0.2,0.78,21.8,0.000901,-1.52
258,CTG,COMPUTER TASK GROUP INC,5.21,0.06,1.17,0.0,0.00014,0.58
259,CIX,COMPX INTERNATIONAL,15.2,0.2,1.33,12.4,6.44e-06,4.18
260,SCOR,COMSCORE INC,5.22,0.09,1.75,0.0,0.004007,5.67
261,CRK,COMSTOCK RESOURCES INC,7.81,-0.1,-1.26,0.0,0.004638000000000001,-5.1
262,CMTL,COMTECH TELECOMM,36.18,-0.02,-0.06,31.5,0.001091,1.94
263,CNMD,CONMED CORP,111.24,1.06,0.96,110.1,0.0020859999999999997,-0.53
264,CNOB,CONNECTONE BANCORP INC,25.46,-0.26,-1.01,12.5,0.000643,-1.01
265,CONN,CONNS INC,10.62,-0.39,-3.54,4.0,0.013,-14.29
266,CNSL,CONSOLIDATED COMM,4.0,0.08,2.04,0.0,0.008425,3.09
267,CTO,CONSOLIDATED TOMOKA LAN,61.5,0.23,0.38,10.2,0.00011100000000000001,1.96
268,CWCO,CONSOLIDATED WATER CO,16.22,-0.15,-0.92,27.0,0.000705,-0.49
269,CPSS,CONSUMER PORTFOLIO SVCS,3.42,0.0,0.0,8.0,6.499999999999999e-07,1.48
270,MCF,CONTANGO OIL & GAS CO,3.78,0.28,8.0,0.0,0.002744,3.0
271,CTB,COOPER TIRE & RUBBER CO,27.85,-0.33,-1.17,31.3,0.001973,-3.13
272,CORT,CORCEPT THERAPEUTICS IN,12.08,0.15,1.26,17.0,0.006554000000000001,-0.17
273,CORE,CORE MARK HOLDING CO IN,25.09,-0.63,-2.45,21.4,0.0018920000000000002,-7.72
274,COR,CORESITE REALTY CORP,111.04,0.06,0.05,53.4,0.0035340000000000002,-0.96
275,CSOD,CORNERSTONE ONDEMAND IN,59.3,-0.02,-0.03,0.0,0.003182,1.28
276,CRTX,CORNERSTONE THERAPEUTIC,47.9,4.76,11.03,0.0,0.002916,-14.68
277,CRVL,CORVEL CORP,91.73,0.88,0.97,35.7,0.000552,5.0
278,CSGP,COSTAR GROUP INC,629.69,4.31,0.69,74.2,0.00209,5.25
279,CUZ,COUSINS PROPERTIES INC,40.29,0.01,0.02,82.2,0.004009,-2.21
280,COWN,COWEN GROUP INC,16.55,0.01,0.06,29.6,0.001189,5.08
281,CRAI,CRA INTERNATIONAL INC,54.49,-0.3,-0.55,19.9,0.000236,0.04
282,CBRL,CRACKER BARREL STORE,154.93,-1.78,-1.14,17.0,0.002961,0.77
283,BREW,CRAFT BREW ALLIANCE,16.48,-0.02,-0.12,0.0,0.001538,-0.12
284,CACC,CREDIT ACCEP CORP MICH,432.86,-0.35,-0.08,12.8,0.001241,-2.14
285,CROX,CROCS INC,43.4,0.72,1.69,0.0,0.011,3.6
286,CCRN,CROSS COUNTRY HEALTHCAR,10.32,-0.21,-1.99,0.0,0.001204,-11.19
287,CRY,CRYOLIFE INC,28.1,0.1,0.36,702.5,0.001368,3.73
288,CSGS,CSG SYSTEMS INTL INC,51.84,0.71,1.39,20.8,0.001807,0.12
289,CSS,CSS INDUSTRIES INC,4.02,0.0,0.0,0.0,0.000226,-8.84
290,CTS,CTS CORP,30.16,-0.09,-0.3,22.8,0.00128,0.5
291,CUBE,CUBESMART,30.64,-0.37,-1.19,33.3,0.023,-2.67
292,CUB,CUBIC CORP,68.92,1.77,2.64,41.3,0.002163,8.42
293,CMLS,CUMULUS MEDIA INC,16.42,-0.04,-0.24,0.4,0.0007099999999999999,-6.55
294,CRIS,CURIS INC,1.68,0.01,0.6,0.0,0.000296,-1.18
295,CUTR,CUTERA INC,37.11,0.24,0.65,0.0,0.001155,3.63
296,CVBF,CVB FINANCIAL CORP,21.35,0.0,0.0,15.0,0.004786,-1.07
297,CONE,CYRUSONE INC,65.52,0.57,0.88,0.0,0.008234,0.14
298,CYTK,CYTOKINETICS INC,11.5,0.165,1.46,0.0,0.008364,8.34
299,DJCO,DAILY JOURNAL CORP,284.7,2.7,0.96,0.0,2.2e-05,-1.97
300,DAKT,DAKTRONICS INC,6.0,-0.045,-0.74,600.0,0.001091,-1.48
301,DAN,DANA HOLDING CORP,17.03,-0.07,-0.41,10.3,0.008512,-6.43
302,DAR,DARLING INTERNATIONAL,28.49,-0.09,-0.31,43.8,0.01,1.46
303,DWSN,DAWSON GEOPHYSICAL CO,2.62,0.02,0.77,0.0,0.000348,9.17
304,DENN,DENNYS CORP,20.48,0.0,0.0,11.6,0.0031899999999999997,3.02
305,DXLG,DESTINATION XL GRP INC,1.17,0.05,4.46,0.0,0.00047400000000000003,-8.59
306,DXCM,DEXCOM INC,239.27,6.04,2.59,0.0,0.009592,9.39
307,DHIL,DIAMOND HILL INVESTMENT,141.7,-0.49,-0.34,10.6,0.000198,0.88
308,FANG,DIAMONDBACK ENERGY INC,94.15,0.82,0.88,13.4,0.015,1.39
309,DRH,DIAMONDROCK HOSPITALITY,10.33,-0.1,-0.96,28.7,0.038,-6.77
310,DHX,DICE HOLDINGS INC,3.05,0.01,0.33,13.3,0.00101,1.33
311,DGII,DIGI INTL INC,17.31,-0.26,-1.48,49.5,0.005299,-2.31
312,DMRC,DIGIMARC CORPORATION,35.94,0.77,2.19,0.0,0.0009550000000000001,7.09
313,DRIV,DIGITAL RIVER INC,15.15,0.025,0.17,,0.00035099999999999997,2.39
314,DCOM,DIME CMNTY BANCSHARES,19.99,0.02,0.1,17.4,0.001093,-4.31
315,DIN,DINEEQUITY INC,84.78,-1.66,-1.92,14.8,0.002305,1.51
316,DIOD,DIODES INC,57.85,0.3,0.52,22.0,0.003624,2.63
317,DORM,DORMAN PRODUCTS INC,75.55,-0.27,-0.36,24.7,0.0009199999999999999,-0.22
318,PLOW,DOUGLAS DYNAMICS INC,56.04,0.12,0.21,25.0,0.000925,1.89
319,DSPG,DSP GROUP INC,15.92,0.16,1.02,0.0,0.0009710000000000001,1.14
320,DCO,DUCOMMUN INC,43.45,0.19,0.44,21.2,0.001004,-14.01
321,DXPE,DXP ENTERPRISES INC NEW,39.4,0.19,0.48,16.1,0.00043099999999999996,-1.03
322,BOOM,DYNAMIC MATERIALS CORP,44.85,1.06,2.42,12.3,0.001648,-0.2
323,DVAX,DYNAVAX TECHNOLOGIES,5.89,-0.25,-4.07,0.0,0.011,2.97
324,EGBN,EAGLE BANCORP INC,47.95,-0.12,-0.25,11.2,0.000998,-1.4
325,EGP,EASTGROUP PROPERTIES IN,130.8,0.51,0.39,53.4,0.001656,-1.41
326,EBIX,EBIX INC,32.42,-0.12,-0.37,11.9,0.0018559999999999998,-2.96
327,ECHO,ECHO GLOBAL LOGISTICS,20.9,0.12,0.58,27.9,0.0023989999999999997,0.97
328,EGAN,EGAIN CORPORATION,7.92,0.06,0.76,49.5,0.000648,0.0
329,EHTH,EHEALTH INC,94.42,-1.85,-1.92,230.3,0.004253,-1.73
330,EARN,ELLINGTON RESIDENTIAL,10.8,-0.06,-0.55,49.1,0.000583,-0.46
331,EME,EMCOR GROUP INC,86.5,1.71,2.02,15.5,0.002148,0.23
332,EBS,EMERGENT BIOSOLUTIONS,56.68,1.62,2.94,809.7,0.003034,5.06
333,EIG,EMPLOYERS HOLDINGS INC,42.24,0.06,0.14,9.2,0.0013779999999999999,1.17
334,ENTA,ENANTA PHARMACEUTICALS,60.33,-0.52,-0.85,27.3,0.002209,-2.35
335,ECPG,ENCORE CAPITAL GROUP IN,35.66,0.32,0.91,6.4,0.002165,0.85
336,WIRE,ENCORE WIRE CORP,56.83,-0.02,-0.04,16.4,0.001594,-0.99
337,ELGX,ENDOLOGIX INC,1.91,0.01,0.53,0.0,0.002634,20.89
338,ERII,ENERGY RECOVERY INC,9.82,0.01,0.1,39.3,0.001102,0.31
339,ENS,ENERSYS INC,74.79,-0.54,-0.72,18.1,0.001739,-0.05
340,EBF,ENNIS INC,21.26,-0.69,-3.14,14.7,0.0009710000000000001,-1.8
341,ENPH,ENPHASE ENERGY INC,31.59,0.59,1.9,87.8,0.065,20.9
342,NPO,ENPRO INDUSTRIES INC,67.73,0.95,1.42,102.6,0.000869,1.27
343,ENSG,ENSIGN GROUP INC,46.93,0.59,1.28,23.9,0.002113,3.43
344,ESGR,ENSTAR GROUP LIMITED,202.59,-1.24,-0.61,7.5,0.000529,-2.06
345,ENTG,ENTEGRIS INC,52.19,0.69,1.34,25.8,0.005698,4.19
346,ETM,ENTERCOM COMMUNICATIONS,4.36,-0.15,-3.33,0.0,0.006155,-6.03
347,EBTC,ENTERPRISE BANCORP INC,33.5,0.24,0.72,12.3,5.9999999999999995e-05,-1.09
348,EFSC,ENTERPRISE FINL SERVICE,48.18,0.12,0.25,13.9,0.000848,-0.06
349,EVC,ENTRAVISION COMM,2.42,-0.12,-4.72,0.0,0.002318,-7.63
350,ENV,ENVESTNET INC,73.63,0.65,0.89,0.0,0.0023,5.74
351,EPAM,EPAM SYSTEMS INC,223.29,1.91,0.86,52.0,0.001835,5.25
352,EPZM,EPIZYME INC,24.34,0.3,1.25,0.0,0.007061,-1.06
353,PLUS,EPLUS INC,84.74,-2.05,-2.36,17.3,0.000571,0.53
354,EPR,EPR PROPERTIES,70.15,-0.19,-0.27,27.1,0.00686,-0.69
355,ERA,ERA GROUP INC,9.71,-0.16,-1.62,0.0,0.000676,-4.52
356,ESE,ESCO TECHNOLOGIES INC,96.4,-0.66,-0.68,31.1,0.001297,4.22
357,ESSA,ESSA BANCORP INC,17.55,0.08,0.46,14.9,5.3e-05,3.54
358,ETH,ETHAN ALLEN INTERIORS,17.68,-0.56,-3.07,15.2,0.0029690000000000003,-7.24
359,EEFT,EURONET WORLDWIDE INC,161.3,3.18,2.01,29.4,0.004188,2.37
360,EVR,EVERCORE PARTNERS,75.11,-0.22,-0.29,9.3,0.004868,0.47
361,EVTC,EVERTEC INC,34.56,0.35,1.02,25.8,0.003543,1.53
362,EPM,EVOLUTION PETROLEUM COR,5.3,0.01,0.19,14.7,0.001269,-3.11
363,EXAS,EXACT SCIENCES CORP,103.55,2.3,2.27,0.0,0.022,11.97
364,EXEL,EXELIXIS INC,18.63,-0.32,-1.69,9.5,0.03,5.73
365,EXLS,EXLSERVICE HOLDINGS INC,70.5,0.0,0.0,48.6,0.002082,1.5
366,XONE,EXONE COMPANY,7.64,0.04,0.53,0.0,0.000462,2.41
367,EXPO,EXPONENT INC,69.45,0.62,0.9,47.6,0.001945,0.64
368,EXPR,EXPRESS INC,4.88,-0.21,-4.13,0.0,0.017,0.21
369,EXTR,EXTREME NETWORKS INC,7.37,-0.02,-0.27,0.0,0.008491,0.0
370,EZPW,EZCORP INC,6.39,-0.13,-1.99,127.8,0.0038280000000000002,-6.3
371,FICO,FAIR ISAAC CORP,401.51,10.18,2.6,63.3,0.002735,7.16
372,FARM,FARMER BROS CO,13.05,-0.72,-5.23,0.0,0.000669,-13.35
373,FARO,FARO TECHNOLOGIES INC,54.42,1.1,2.06,0.0,0.00116,8.08
374,FFG,FBL FINANCIAL GROUP INC,59.02,0.34,0.58,15.0,0.000143,0.15
375,AGM,FEDERAL AGRIC MTG CO,82.5,-0.46,-0.55,10.6,0.0005059999999999999,-1.2
376,FSS,FEDERAL SIGNAL CORP,33.36,0.3,0.91,18.5,0.003054,3.44
377,FOE,FERRO CORP,14.51,0.07,0.48,25.0,0.007121,-2.16
378,FDUS,FIDUS INVESTMENT CORP,15.1,0.06,0.4,9.2,0.0008439999999999999,1.75
379,FRGI,FIESTA RESTAURANT GROUP,10.48,-0.06,-0.57,0.0,0.002718,5.97
380,FISI,FINANCIAL INSTNS INC,31.68,0.01,0.03,12.1,0.000301,-1.31
381,FAF,FIRST AMERICAN FINL COR,58.96,0.69,1.18,11.6,0.007858,1.1
382,FNLC,FIRST BANCORP INC,30.0,-0.07,-0.23,12.9,0.000113,-0.76
383,FBNC,FIRST BANCORP NC,38.79,-0.21,-0.54,12.2,0.00040199999999999996,-2.81
384,FBP,FIRST BANCORP PR,10.57,0.04,0.38,10.0,0.018,-0.19
385,BUSE,FIRST BUSEY CORP,27.22,0.13,0.48,14.6,0.000965,-1.04
386,FCFS,FIRST CASH FINANCIAL,82.93,0.91,1.11,22.8,0.002019,2.85
387,FCBC,FIRST CMNTY BANCSHAR,30.34,0.27,0.9,12.5,0.00045599999999999997,-2.19
388,FCF,FIRST COMMONWLTH FINL,14.22,-0.05,-0.35,13.3,0.0033710000000000003,-2.0
389,FDEF,FIRST DEFIANCE FINANCIA,31.06,0.04,0.13,12.7,0.0005549999999999999,-1.37
390,FFBC,FIRST FINANCIAL BANCORP,24.97,-0.075,-0.3,12.0,0.0019260000000000002,-1.85
391,THFF,FIRST FINANCIAL CORP,43.96,-0.39,-0.88,12.1,0.000259,-3.85
392,FFIN,FIRST FINL BANKSHARES,34.55,0.04,0.12,29.0,0.001797,-1.57
393,FFNW,FIRST FINL NORTHWEST,14.89,0.08,0.54,15.4,5.1e-05,-0.33
394,FIBK,FIRST INTST BANCSYSTEM,41.16,-0.25,-0.6,15.3,0.0015630000000000002,-1.81
395,FLIC,FIRST LONG ISLAND CORP,23.89,-0.15,-0.62,14.2,0.000195,-4.74
396,FRME,FIRST MERCHANTS CORP,41.07,-0.11,-0.27,13.0,0.000736,-1.25
397,FMBI,FIRST MIDWEST BANCORP,22.77,0.02,0.09,13.1,0.005023,-1.26
398,SVVC,FIRSTHAND TECH VALUE,6.44,0.0121,0.19,0.0,0.000117,0.11
399,FIVE,FIVE BELOW,124.48,1.58,1.29,45.4,0.012,-2.64
400,FBC,FLAGSTAR BANCORP INC,38.48,0.0,0.0,10.3,0.002302,0.6
401,FLXS,FLEXSTEEL INDUSTRIES IN,20.65,0.03,0.15,0.0,0.000149,3.66
402,FTK,FLOTEK INDS INC DEL,1.69,-0.07,-3.98,0.0,0.005406,-15.5
403,FLDM,FLUIDIGM CORP,3.41,-0.07,-2.01,0.0,0.008891,-2.01
404,FFIC,FLUSHING FINANCIAL CORP,21.08,-0.08,-0.38,14.7,0.00046399999999999995,-2.43
405,FNB,FNB CORP,12.45,0.01,0.08,10.6,0.01,-1.97
406,FOR,FORESTAR GROUP INC,20.46,-0.34,-1.63,25.9,0.000299,-1.87
407,FORM,FORMFACTOR INC,26.43,-0.04,-0.15,18.9,0.0029739999999999996,1.77
408,FORR,FORRESTER RESEARCH INC,42.55,-0.07,-0.16,0.0,0.000754,2.04
409,FET,FORUM ENERGY TECH,1.8,-0.07,-3.74,0.0,0.0051259999999999995,7.14
410,FWRD,FORWARD AIR CORP,69.17,0.13,0.19,22.1,0.0006320000000000001,-1.12
411,FSTR,FOSTER L B CO,20.12,0.17,0.85,0.0,0.000215,3.82
412,FRAN,FRANCESCAS HOLDINGS COR,8.91,-0.15,-1.66,0.0,0.0009050000000000001,-14.16
413,FELE,FRANKLIN ELECTRIC CO,58.44,0.65,1.12,27.6,0.0011970000000000001,1.95
414,FSP,FRANKLIN STREET PPTYS C,7.83,-0.09,-1.14,195.8,0.002188,-8.53
415,RAIL,FREIGHTCAR AMERICA INC,1.86,-0.02,-1.06,0.0,0.001633,-10.14
416,FDP,FRESH DEL MONTE PRODUCE,34.08,-0.16,-0.47,28.4,0.0013779999999999999,-2.57
417,FRO,FRONTLINE LTD,13.14,0.42,3.3,39.8,0.015,2.18
418,FCN,FTI CONSULTING INC,114.6,1.1,0.97,20.7,0.0020629999999999997,3.56
419,FCEL,FUELCELL ENERGY INC,2.19,-0.1,-4.37,0.0,0.298,-12.75
420,FUL,FULLER H B CO,48.44,-0.35,-0.72,18.0,0.0022140000000000003,-6.07
421,GIII,G-III APPAREL GROUP LTD,31.65,-1.16,-3.54,10.9,0.007006999999999999,-5.52
422,GCAP,GAIN CAPITAL HLDNGS INC,4.16,0.1,2.46,0.0,0.001077,5.32
423,GBL,GAMCO INVESTORS INC,18.23,-0.47,-2.51,6.3,0.00011599999999999999,-6.46
424,GARS,GARRISON CAP INC,5.86,0.03,0.51,0.0,0.00023700000000000001,0.69
425,GLOG,GASLOG LTD,9.23,0.08,0.87,0.0,0.004453,-5.72
426,GNRC,GENERAC HOLDINGS INC,99.4,-0.63,-0.63,24.1,0.007508,-1.18
427,GMO,GENERAL MOLY INC,0.23,-0.0076,-3.16,0.0,0.003229,2.33
428,GCO,GENESCO INC,47.79,-0.53,-1.1,15.1,0.003561,-0.27
429,GNE,GENIE ENERGY LTD,7.49,0.02,0.27,13.1,0.001044,-3.1
430,GNMK,GENMARK DIAGNOSTICS INC,5.31,0.05,0.95,0.0,0.0029100000000000003,10.4
431,THRM,GENTHERM INC,46.0,-0.5,-1.08,39.3,0.001318,3.63
432,GEO,GEO GROUP INC,15.28,-0.39,-2.49,11.2,0.014,-8.01
433,GEOS,GEOSPACE TECHNOLOGIES,15.31,-0.47,-2.98,0.0,0.000521,-8.71
434,GABC,GERMAN AMERICAN BANCORP,35.45,0.01,0.03,16.6,0.000628,-0.48
435,GERN,GERON CORP,1.37,0.04,3.01,0.0,0.014,0.74
436,GTY,GETTY REALTY CORP,32.01,-0.13,-0.4,26.7,0.000891,-2.62
437,ROCK,GIBRALTAR INDUSTRIES IN,50.89,1.14,2.29,26.1,0.001927,0.89
438,GBCI,GLACIER BANCORP INC,44.63,0.02,0.04,19.1,0.00263,-2.53
439,GLAD,GLADSTONE CAPITAL CORP,10.03,0.025,0.25,14.8,0.001242,1.01
440,GOOD,GLADSTONE COMMERCIAL,21.02,-0.065,-0.31,,0.001524,-3.87
441,GAIN,GLADSTONE INVESTMENT,13.29,0.07,0.53,12.1,0.001973,0.3
442,GLT,GLATFELTER,17.4,-0.13,-0.74,47.0,0.001495,-4.92
443,ENT,GLOBAL EAGLE ENTMT INC,0.46,-0.0121,-2.56,0.0,0.001673,-8.0
444,GBLI,GLOBAL INDEMNITY PLC,30.2,0.15,0.5,0.0,3.8e-05,1.92
445,GSM,GLOBE SPECIALTY METALS,0.85,-0.0405,-4.55,0.0,0.005435,-9.63
446,GMED,GLOBUS MEDICAL INC,54.55,-3.97,-6.78,37.9,0.014,-7.35
447,GLUU,GLU MOBILE INC,5.75,-0.23,-3.85,0.0,0.033,-4.96
448,GORO,GOLD RESOURCE CORP,5.1,-0.09,-1.73,51.0,0.005807,-8.0
449,GBDC,GOLUB CAP BDC INC,18.22,0.04,0.22,0.0,0.007704000000000001,-1.27
450,GDP,GOODRICH PETROLEUM CORP,8.95,-0.15,-1.65,5.4,4.9e-05,-10.86
451,GRC,GORMAN RUPP CO,37.5,0.14,0.37,26.6,0.00036,0.0
452,GPX,GP STRATEGIES CORP,13.97,0.14,1.01,38.8,0.000386,5.59
453,GHM,GRAHAM CORP,21.05,0.21,1.01,0.0,0.00037200000000000004,-3.79
454,LOPE,GRAND CANYON EDUCATION,95.33,-1.01,-1.05,17.9,0.00396,-0.48
455,GVA,GRANITE CONSTR INC,27.67,0.09,0.33,0.0,0.005202999999999999,0.0
456,GPK,GRAPHIC PACKAGING HLDG,16.1,0.04,0.25,21.8,0.039,-3.3
457,GTN,GRAY TELEVISION INC,21.28,-0.72,-3.27,14.7,0.0036200000000000004,-0.75
458,GLDD,GREAT LAKES DREDGE & DO,11.55,-0.18,-1.53,16.5,0.002495,1.94
459,GSBC,GREAT SOUTHERN BANCORP,61.9,-0.26,-0.42,12.1,0.000118,-2.24
460,GDOT,GREEN DOT CORP,24.09,0.29,1.22,11.5,0.007996,3.39
461,GPRE,GREEN PLAINS RENEWABLE,14.31,0.52,3.77,0.0,0.006371,-7.26
462,GBX,GREENBRIER COMPANIES IN,27.95,-0.22,-0.78,15.3,0.008512,-13.81
463,GHL,GREENHILL & CO INC,16.11,-0.12,-0.74,0.0,0.001832,-5.68
464,GLRE,GREENLIGHT CAPITAL RE L,9.81,0.01,0.1,0.0,0.001344,-2.97
465,GRIF,GRIFFIN LAND & NURSERIE,39.79,0.73,1.87,33.2,3.9e-05,0.61
466,GFF,GRIFFON CORP,19.53,-0.22,-1.11,18.4,0.001067,-3.94
467,GPI,GROUP 1 AUTOMOTIVE INC,96.87,0.51,0.53,11.5,0.002114,-3.13
468,GSIT,GSI TECHNOLOGY,7.13,0.04,0.56,356.5,0.000144,0.56
469,GWRE,GUIDEWIRE SOFTWARE INC,111.09,0.35,0.32,0.0,0.009105,1.2
470,GIFI,GULF ISLAND FABRICATION,5.22,-0.32,-5.78,0.0,0.000349,2.96
471,HEES,H&E EQUIPMENT SERVICES,31.41,-0.19,-0.6,12.6,0.001883,-6.04
472,HCKT,HACKETT GROUP INC,16.49,0.19,1.17,22.6,0.0026969999999999997,2.17
473,HAE,HAEMONETICS CORP,115.91,1.5,1.31,89.2,0.003113,0.88
474,HAIN,HAIN CELESTIAL GROUP,25.26,0.05,0.2,0.0,0.003311,-2.68
475,HNRG,HALLADOR ENERGY CO,2.66,-0.11,-3.97,30.3,0.000603,-10.44
476,HALL,HALLMARK FINL SVCS INC,17.72,0.18,1.03,11.5,0.0008039999999999999,0.85
477,HALO,HALOZYME THERAPEUTICS,19.25,0.8,4.34,0.0,0.017,8.57
478,HAFC,HANMI FINANCIAL CORP,19.47,0.02,0.1,14.8,0.000602,-2.63
479,HASI,HANNON ARMSTRONG SUSTAI,31.93,0.06,0.19,46.3,0.005365,-0.78
480,HLIT,HARMONIC INC,7.88,0.01,0.13,0.0,0.005571,1.03
481,HHS,HARTE HANKS INC,3.66,-0.0375,-1.01,0.0,3.0200000000000003e-06,2.3
482,HBIO,HARVARD BIOSCIENCE INC,3.14,-0.06,-1.88,0.0,0.000932,2.95
483,HVT,HAVERTY FURNITURE INC,19.43,-0.14,-0.72,16.1,0.000722,-3.62
484,HWKN,HAWKINS INC,42.89,-0.56,-1.29,17.0,0.000183,-6.37
485,HAYN,HAYNES INTERNATIONAL IN,33.22,-0.7,-2.06,42.6,0.001403,-7.15
486,HCI,HCI GROUP INC,43.85,-0.15,-0.34,28.5,0.000292,-3.94
487,HIIQ,HEALTH INS INNOVATIONS,18.76,-0.06,-0.32,17.4,0.0036490000000000003,-2.75
488,HCSG,HEALTHCARE SVCS GRP INC,25.57,0.37,1.47,24.8,0.0036780000000000003,5.14
489,HSTM,HEALTHSTREAM INC,26.55,0.0,0.0,63.2,0.001117,-2.39
490,HTLD,HEARTLAND EXPRESS INC,20.52,0.175,0.86,20.5,0.002198,-2.54
491,HTLF,HEARTLAND FINANCIAL USA,49.58,0.11,0.22,12.3,0.0006190000000000001,-0.32
492,HEI,HEICO CORP,122.1,1.48,1.23,51.1,0.003281,6.96
493,HSII,HEIDRICK & STRUGGLES,31.88,-0.13,-0.41,13.2,0.000674,-1.91
494,HELE,HELEN OF TROY LTD,189.35,6.28,3.43,27.2,0.006219,5.32
495,HLX,HELIX ENERGY SOLUTIONS,9.37,0.21,2.29,40.7,0.01,-2.7
496,HMTV,HEMISPHERE MEDIA GROUP,14.03,-0.11,-0.78,0.0,0.000207,-5.52
497,HERO,HERCULES OFFSHORE INC,17.19,0.1417,0.83,,4.4e-05,5.0
498,HTGC,HERCULES TECHNOLOGY GR,14.01,0.04,0.29,13.0,0.003711,-0.07
499,HTBK,HERITAGE COMMERCE CORP,12.59,0.0,0.0,11.3,0.001218,-1.87
500,HCCI,HERITAGE CRYL CLEAN INC,29.85,-0.58,-1.91,52.4,0.0010609999999999999,-4.85
501,HFWA,HERITAGE FINANCIAL CORP,27.77,0.075,0.27,15.3,0.001202,-1.89
502,MLHR,HERMAN MILLER INC,40.47,-0.41,-1.0,11.3,0.005456,-2.83
503,HIBB,HIBBETT SPORTS INC,25.2,-0.06,-0.24,16.4,0.006431,-10.13
504,ONE,HIGHER ONE HLDGS INC,6.92,-0.03,-0.43,32.9,0.000482,3.75
505,HIW,HIGHWOODS PROPERTIES IN,48.77,0.27,0.56,39.3,0.01,-0.29
506,HTH,HILLTOP HOLDINGS INC,24.83,-0.05,-0.2,11.3,0.002671,-0.4
507,HIFS,HINGHAM INSTN SVGS MASS,210.3,1.5,0.72,14.2,4e-05,0.34
508,HMSY,HMS HOLDINGS CORP,30.49,-0.05,-0.16,26.3,0.002893,3.01
509,HNI,HNI CORPORATION,36.76,-0.28,-0.76,16.9,0.001112,-1.87
510,HBCP,HOME BANCORP INC,38.3,-0.08,-0.21,12.0,0.000102,-2.27
511,HOMB,HOME BANCSHARES INC,19.48,-0.23,-1.17,11.5,0.005964,-0.92
512,HMST,HOMESTREET INC,33.19,-0.18,-0.54,16.8,0.001228,-2.38
513,HTBI,HOMETRUST BANCSHARES IN,26.71,-0.02,-0.07,17.4,0.000471,-0.45
514,HOFT,HOOKER FURNITURE CORP,23.9,-0.27,-1.12,11.4,0.000424,-6.97
515,HMN,HORACE MANN EDUCATORS,43.7,0.13,0.3,14.0,0.001243,0.09
516,HBNC,HORIZON BANCORP IND,18.52,-0.135,-0.72,12.8,0.000612,-2.55
517,HZNP,HORIZON PHARMA INC,36.28,0.1,0.28,129.6,0.016,0.22
518,HRZN,HORIZON TECH FIN CORP,13.24,0.08,0.61,10.5,0.002384,2.4
519,HWCC,HOUSTON WIRE & CABLE,4.07,-0.01,-0.25,14.0,0.000236,-7.71
520,HOV,HOVNANIAN ENTERPRISES,20.89,0.05,0.24,0.0,0.00182,0.1
521,HUBG,HUB GROUP INC,52.72,-0.47,-0.88,15.7,0.0024649999999999997,2.79
522,HPP,HUDSON PAC PPTYS INC,35.77,-0.32,-0.89,123.3,0.009617,-4.99
523,HURC,HURCO COMPANIES INC,33.1,-0.49,-1.46,13.0,0.000271,-13.71
524,HURN,HURON CONSULTING GROUP,68.76,0.16,0.23,50.6,0.001508,0.06
525,IBKC,IBERIABANK CORP,73.37,0.54,0.74,9.5,0.0031620000000000003,-1.95
526,ICFI,ICF INTERNATIONAL INC,93.05,1.17,1.27,26.3,0.000851,1.56
527,ICON,ICONIX BRAND GROUP INC,1.54,0.12,8.45,0.0,0.001632,14.07
528,ICUI,ICU MEDICAL INC,187.15,-0.45,-0.24,55.2,0.000801,0.02
529,IDA,IDACORP INC,105.42,0.72,0.69,25.1,0.001941,-1.29
530,IDT,IDT CORP,7.11,-0.17,-2.34,142.2,0.001048,-1.39
531,IIVI,II VI INC,37.02,-0.02,-0.05,44.1,0.014,9.95
532,IMMR,IMMERSION CORP,7.65,-0.05,-0.65,0.0,0.001393,2.96
533,IMGN,IMMUNOGEN INC,4.87,-0.1,-2.01,0.0,0.018,-4.6
534,IMMU,IMMUNOMEDICS INC,20.07,-0.29,-1.42,0.0,0.014,-5.15
535,IHC,INDEPENDENCE HOLDING CO,41.76,0.43,1.04,23.9,0.000105,-0.76
536,INDB,INDEPENDENT BANK MA,81.51,-0.62,-0.75,17.3,0.00165,-2.09
537,IBTX,INDEPENDENT BK GROUP IN,55.93,0.55,0.99,12.7,0.0037049999999999995,0.88
538,INFN,INFINERA CORP,7.97,-0.03,-0.38,0.0,0.015,0.38
539,INFI,INFINITY PHARMACEUTICAL,1.19,0.12,11.21,0.0,0.003779,23.96
540,INWK,INNERWORKINGS INC,5.61,-0.175,-3.03,0.0,0.000549,1.81
541,IPHS,INNOPHOS HOLDINGS INC,31.93,0.0,0.0,29.6,0.001715,-0.16
542,IOSP,INNOSPEC INC,102.04,-0.22,-0.22,24.9,0.001389,-1.35
543,ISSC,INNOVATIVE SOLUTIONS,5.7,0.12,2.15,51.8,3.8e-05,-2.4
544,IPHI,INPHI CORP,80.94,0.58,0.72,0.0,0.011,9.35
545,NSIT,INSIGHT ENTERPRISES INC,72.61,0.36,0.5,16.0,0.0031739999999999997,3.3
546,INSM,INSMED INC,25.81,-0.415,-1.58,0.0,0.013,8.08
547,NSP,INSPERITY INC,88.63,1.48,1.7,23.5,0.004028,3.01
548,IIIN,INSTEEL INDUSTRIES INC,21.4,0.04,0.19,73.8,0.0009539999999999999,-0.42
549,PODD,INSULET CORP,180.68,3.73,2.11,659.5,0.005748,5.54
550,IART,INTEGRA LIFESCIENCES,58.34,0.99,1.73,84.6,0.004869,0.1
551,IPAR,INTER PARFUMS INC,71.97,0.85,1.2,37.9,0.001039,-1.02
552,ICPT,INTERCEPT PHARMA INC,117.54,0.23,0.2,0.0,0.003476,-5.15
553,IDCC,INTERDIGITAL INC,55.54,0.03,0.05,213.6,0.001757,1.93
554,TILE,INTERFACE INC,16.07,-0.34,-2.07,13.9,0.001978,-3.13
555,INAP,INTERNAP NETWORK SVCS C,1.05,-0.02,-1.87,0.0,0.002225,-4.55
556,IBOC,INTERNATIONAL BANCSHARE,43.33,0.18,0.42,13.5,0.0023769999999999998,0.6
557,INTL,INTL FCSTONE INC,49.41,-0.41,-0.82,11.3,0.0006889999999999999,1.19
558,IPI,INTREPID POTASH INC,2.37,-0.05,-2.07,15.8,0.004713,-12.55
559,IVC,INVACARE CORP,8.84,-0.57,-6.06,0.0,0.007986,-2.0
560,IVR,INVESCO MORTGAGE CAP,16.87,0.11,0.66,153.4,0.015,1.32
561,ISBC,INVESTORS BANCORP INC,11.59,-0.13,-1.11,17.0,0.016,-2.73
562,IRET,INVESTORS REAL ESTATE T,69.94,0.0,0.0,0.0,0.000307,-3.53
563,ITIC,INVESTORS TITLE CO,164.5,-0.69,-0.42,15.4,0.000177,3.33
564,IRDM,IRIDIUM COMMUNICATIONS,24.86,0.36,1.47,0.0,0.003667,0.89
565,IRBT,IROBOT CORP,50.6,2.1,4.33,16.1,0.014,-0.06
566,IRWD,IRONWOOD PHARMACEUTICAL,13.05,-0.1,-0.76,0.0,0.031,-1.95
567,ITRI,ITRON INC,85.3,-0.15,-0.18,58.0,0.002036,1.61
568,ESI,ITT EDUCATIONAL SVCS IN,11.68,-0.05,-0.43,0.0,0.023,0.0
569,JJSF,J & J SNACK FOODS CO,181.84,-0.2,-0.11,36.4,0.000556,-1.32
570,JCOM,J2 GLOBAL INC,98.26,0.81,0.83,33.3,0.002095,4.86
571,JACK,JACK IN THE BOX INC,78.69,-1.06,-1.33,22.4,0.004593,0.85
572,JAKK,JAKKS PACIFIC INC,0.98,0.0002,0.02,0.0,0.00021600000000000002,-4.83
573,JBLU,JETBLUE AIRWAYS CORP,18.71,0.21,1.14,9.9,0.038,-0.05
574,JMP,JMP GROUP INC,3.09,-0.05,-1.59,0.0,0.000175,-4.33
575,JBT,JOHN BEAN TECH CORP,113.38,0.83,0.74,28.0,0.000901,0.64
576,JOUT,JOHNSON OUTDOORS INC,75.21,-1.29,-1.69,14.7,0.000563,-1.94
577,LRN,K12 INC,20.38,-0.21,-1.02,23.2,0.0020989999999999997,0.15
578,KAI,KADANT INC,106.24,-1.37,-1.27,19.7,0.001159,0.85
579,KALU,KAISER ALUMINUM CORP,107.28,-0.56,-0.52,18.3,0.000705,-3.26
580,KAMN,KAMAN CORP,66.08,0.26,0.4,24.5,0.001152,0.24
581,KBH,KB HOME,37.06,0.06,0.16,14.8,0.037,8.14
582,KRNY,KEARNY FINANCIAL CORP,13.39,-0.06,-0.45,28.5,0.001534,-3.18
583,KEM,KEMET CORP,26.81,0.03,0.11,9.7,0.006104999999999999,-0.89
584,KFRC,KFORCE INC,39.38,-0.185,-0.47,15.9,0.000907,-0.82
585,KIRK,KIRKLANDS INC,1.28,-0.06,-4.48,0.0,0.005352,3.23
586,KRG,KITE REALTY GROUP TRUST,18.58,-0.21,-1.12,0.0,0.005452,-4.86
587,KNX,KNIGHT TRANSPORTATION,37.02,-0.07,-0.19,16.4,0.03,3.29
588,KNL,KNOLL INC,23.94,-0.36,-1.48,14.4,0.003157,-5.23
589,KOPN,KOPIN CORP,0.47,-0.0112,-2.33,0.0,0.0040100000000000005,17.15
590,KOP,KOPPERS HOLDINGS INC,34.01,-0.26,-0.76,16.1,0.00114,-11.02
591,KFY,KORN FERRY INTERNATIONA,42.49,0.13,0.31,13.2,0.0030399999999999997,0.21
592,KRA,KRATON PERF POLYMERS,23.51,-0.86,-3.53,8.4,0.001572,-7.15
593,KTOS,KRATOS DEFENSE & SEC SO,20.08,0.185,0.93,167.3,0.00811,11.49
594,KVHI,KVH INDUSTRIES INC,11.07,0.04,0.36,0.0,0.00015900000000000002,-0.54
595,LZB,LA Z BOY INC,31.7,-0.07,-0.22,21.3,0.002623,0.7
596,LTS,LADENBURG THALMAN FIN,3.48,0.03,0.87,0.0,0.02,0.0
597,LBAI,LAKELAND BANCORP INC,17.01,-0.035,-0.21,12.7,0.0007650000000000001,-2.16
598,LKFN,LAKELAND FINANCIAL CORP,48.42,-0.21,-0.43,14.5,0.00032599999999999996,-1.04
599,LANC,LANCASTER COLONY CORP,157.25,0.01,0.01,28.5,0.0010710000000000001,-1.78
600,LNDC,LANDEC CORP,10.45,0.17,1.65,0.0,0.001377,-7.6
601,LCI,LANNETT CO INC,8.21,0.14,1.73,63.2,0.0077069999999999994,-6.92
602,LSCC,LATTICE SEMICONDUCTOR,21.2,-0.01,-0.05,141.3,0.021,10.76
603,LCNB,LCNB CORP,18.57,-0.15,-0.8,12.6,0.000148,-3.78
604,LXRX,LEXICON PHARMACEUTICALS,4.09,0.07,1.74,2.9,0.006901999999999999,-1.45
605,LXP,LEXINGTON REALTY TRUST,10.53,0.02,0.19,11.6,0.016,-0.85
606,LHCG,LHC GROUP INC,142.46,1.83,1.3,46.7,0.0024980000000000002,3.41
607,LBY,LIBBEY INC,1.5,0.03,2.04,0.0,0.002788,3.45
608,LTM,LIFE TIME FITNESS INC,9.78,0.0,0.0,26.3,0.007168000000000001,-3.74
609,LCUT,LIFETIME BRANDS INC,7.3,0.01,0.14,0.0,0.00026000000000000003,5.04
610,LFVN,LIFEVANTAGE CORP,15.74,0.2,1.29,28.1,0.000942,0.83
611,LWAY,LIFEWAY FOODS INC,2.09,-0.05,-2.34,0.0,0.000194,5.03
612,LGND,LIGAND PHARMACEUTICALS,95.69,-1.73,-1.78,3.2,0.002747,-8.25
613,LLNW,LIMELIGHT NETWORKS INC,4.52,0.1,2.26,0.0,0.01,10.78
614,LMNR,LIMONEIRA CO,18.44,-0.32,-1.71,0.0,0.00028700000000000004,-4.11
615,LINC,LINCOLN EDUCATIONAL SVS,2.35,-0.14,-5.62,0.0,0.00017900000000000001,-12.96
616,LNN,LINDSAY CORP,105.0,8.31,8.59,525.0,0.003966,9.39
617,LQDT,LIQUIDITY SERVICES INC,5.85,-0.265,-4.34,0.0,0.000549,-1.93
618,LAD,LITHIA MOTORS INC,138.9,-0.51,-0.37,12.3,0.003498,-5.51
619,LFUS,LITTELFUSE INC,190.65,-1.17,-0.61,31.9,0.000889,-0.34
620,LYV,LIVE NATION ENT INC,71.98,0.29,0.4,,0.014,0.71
621,LPSN,LIVEPERSON INC,39.52,1.04,2.7,0.0,0.006961,6.81
622,LOGM,LOGMEIN INC,85.89,-0.1,-0.12,306.8,0.005721,0.17
623,LORL,LORAL SPACE & COMM,31.29,-0.92,-2.86,23.4,0.00057,-3.19
624,LPX,LOUISIANA PACIFIC CORP,31.01,0.26,0.85,62.0,0.013,4.52
625,LXU,LSB INDUSTRIES INC,3.65,-0.15,-3.95,0.0,0.001306,-13.1
626,LYTS,LSI INDUSTRIES INC,6.2,-0.15,-2.36,0.0,0.000558,2.48
627,LTC,LTC PROPERTIES INC,44.88,0.3,0.67,18.2,0.002677,0.25
628,LUB,LUBYS INC,2.22,0.025,1.14,0.0,3.7e-05,0.91
629,LMNX,LUMINEX CORP,23.11,-0.05,-0.22,0.0,0.001709,-0.22
630,LDL,LYDALL INC,21.61,0.83,3.99,51.8,0.001424,5.31
631,MHO,M/I HOMES INC,42.35,-0.03,-0.07,10.1,0.002607,7.62
632,MTSI,MA COM TECHNOLOGY SOL,26.39,-0.185,-0.7,0.0,0.001809,-0.79
633,MCBC,MACATAWA BANK CORP,10.86,-0.07,-0.64,11.9,0.000314,-2.43
634,SHOO,MADDEN STEVEN LTD,42.0,-0.6,-1.41,25.8,0.003602,-2.35
635,MGLN,MAGELLAN HEALTH SVCS IN,74.68,-1.01,-1.33,233.4,0.001015,-4.56
636,MHLD,MAIDEN HOLDINGS LTD,0.87,0.0452,5.51,0.0,0.000986,15.49
637,MAIN,MAIN STREET CAPITAL COR,43.57,0.14,0.32,22.2,0.002016,1.07
638,MANH,MANHATTAN ASSOCS INC,83.22,0.72,0.87,57.0,0.003244,4.35
639,MNTX,MANITEX INTL INC,5.62,0.03,0.54,0.0,5.3e-05,-5.55
640,MNKD,MANNKIND CORP,1.43,0.04,2.88,0.0,0.042,10.85
641,MANT,MANTECH INTERNATIONAL,80.38,0.32,0.4,34.5,0.001497,0.63
642,MCHX,MARCHEX INC,3.63,-0.06,-1.63,0.0,0.000733,-3.97
643,MCS,MARCUS CORP,31.04,-0.07,-0.23,22.2,0.002288,-2.3
644,MPX,MARINE PRODUCTS CORP,14.05,-0.2,-1.4,16.3,6.1e-05,-2.43
645,HZO,MARINEMAX INC,16.17,-0.25,-1.52,10.3,0.0012369999999999998,-3.12
646,MKTX,MARKETAXESS HOLDINGS IN,371.7,7.4,2.03,70.3,0.004143,-1.95
647,MRLN,MARLIN BUSINESS SVCS,21.28,0.15,0.71,10.5,0.000157,-3.18
648,VAC,MARRIOTT VAC WORLD CORP,127.62,-0.65,-0.51,48.0,0.001714,-0.89
649,MRTN,MARTEN TRANS LTD,21.0,-0.18,-0.85,18.9,0.001228,-2.28
650,MASI,MASIMO CORPORATION,162.63,3.64,2.29,48.7,0.003481,2.89
651,MTZ,MASTEC INC,62.23,-0.96,-1.52,14.5,0.0072840000000000005,-3.01
652,MTDR,MATADOR RES CO,18.41,-0.3,-1.6,10.6,0.027,2.45
653,MTRN,MATERION CORPORATION,61.46,0.47,0.77,84.2,0.001625,3.38
654,MTRX,MATRIX SERVICE CO,21.84,-0.19,-0.86,19.0,0.0013130000000000001,-4.55
655,MATX,MATSON INC,38.47,-0.37,-0.95,19.0,0.000985,-5.71
656,MATW,MATTHEWS INTERNATIONAL,37.16,-0.03,-0.08,0.0,0.000755,-2.65
657,MMS,MAXIMUS INC,74.59,0.68,0.92,20.1,0.002146,0.27
658,MXL,MAXLINEAR INC,20.53,-0.65,-3.07,0.0,0.006723999999999999,-3.25
659,MNI,MCCLATCHY CO,0.44,0.008,1.85,0.0,0.000973,-8.12
660,MGRC,MCGRATH RENTCORP,78.04,0.04,0.05,20.3,0.0010949999999999998,1.96
661,MDC,MDC HOLDINGS INC,39.79,-0.11,-0.28,12.6,0.006470999999999999,4.27
662,MPW,MEDICAL PROPERTIES TRUS,21.08,0.16,0.76,26.4,0.033,-0.14
663,MED,MEDIFAST INC,109.67,-1.57,-1.41,18.0,0.002332,0.08
664,MCC,MEDLEY CAPITAL CORP,2.19,0.0,0.0,0.0,0.001026,0.46
665,MEIP,MEI PHARMA INC,2.04,-0.08,-3.77,0.0,0.005647999999999999,-17.74
666,MBWM,MERCANTILE BANK CORP,35.59,0.09,0.25,12.3,0.00024300000000000002,-2.41
667,MRCY,MERCURY SYSTEMS INC,73.44,0.58,0.8,63.9,0.002659,6.27
668,MDP,MEREDITH CORP,31.6,-1.64,-4.93,31.0,0.015,-2.68
669,VIVO,MERIDIAN BIOSCIENCE INC,9.77,-0.035,-0.36,17.1,0.003057,0.0
670,EBSB,MERIDIAN INTERSTATE,19.41,-0.08,-0.41,16.0,0.0008529999999999999,-3.38
671,MMSI,MERIT MED SYSTEMS INC,34.05,0.42,1.25,103.2,0.009528,9.06
672,MTH,MERITAGE HOMES CORP,63.77,0.16,0.25,11.3,0.006533,4.35
673,MTOR,MERITOR INC,25.52,-0.53,-2.03,7.6,0.025,-2.56
674,MACK,MERRIMACK PHARMACEUTICA,3.38,0.14,4.32,0.0,0.00027,7.3
675,MLAB,MESA LABS INC,253.4,1.49,0.59,106.5,0.000523,1.6
676,CASH,META FINANCIAL GROUP IN,38.3,0.32,0.84,15.4,0.0074730000000000005,4.9
677,MEI,METHODE ELECTRS INC,38.87,-0.32,-0.82,13.9,0.001766,-1.22
678,MGEE,MGE ENERGY INC,76.74,0.22,0.29,30.7,0.000552,-2.64
679,MTG,MGIC INVESTMENT CORP,14.03,0.21,1.52,7.9,0.018,-0.99
680,MSTR,MICROSTRATEGY INC,143.5,-0.21,-0.15,58.6,0.000642,0.61
681,MIDD,MIDDLEBY CORP,109.58,0.75,0.69,18.1,0.003214,0.05
682,MSEX,MIDDLESEX WATER CO,61.43,0.13,0.21,31.2,0.000582,-3.37
683,MOFG,MIDWESTONE FINL GROUP,34.95,-0.37,-1.05,12.9,0.0006450000000000001,-3.53
684,MLR,MILLER INDUSTRIES INC,35.93,-0.2,-0.55,10.7,0.000241,-3.23
685,MSA,MINE SAFETY APPLIANCES,130.87,1.37,1.06,39.4,0.0016829999999999998,3.57
686,MTX,MINERALS TECHNOLOGIES,55.83,-0.3,-0.53,13.4,0.001882,-3.12
687,MIND,MITCHAM INDUSTRIES INC,3.1,0.12,4.03,0.0,0.000553,8.01
688,MITK,MITEK SYS INC,7.99,-0.01,-0.12,0.0,0.002627,4.44
689,MKSI,MKS INSTRUMENTS INC,110.1,1.94,1.8,35.6,0.00424,0.08
690,MINI,MOBILE MINI INC,38.53,0.01,0.03,24.9,0.0035240000000000002,1.64
691,MODN,MODEL N INC,34.31,0.33,0.97,0.0,0.004267,-2.17
692,MOD,MODINE MANUFACTURING CO,7.4,-0.06,-0.8,14.0,0.0023829999999999997,-3.9
693,MOH,MOLINA HEALTHCARE INC,143.43,-0.35,-0.24,12.1,0.00464,5.7
694,MNTA,MOMENTA PHARMACEUTICALS,19.5,0.01,0.05,0.0,0.004277,-1.17
695,MCRI,MONARCH CASINO & RESORT,51.45,-0.67,-1.29,29.2,0.0008539999999999999,5.97
696,MGI,MONEYGRAM INTERNATIONAL,2.19,-0.07,-3.1,0.0,0.011,4.29
697,MNR,MONMOUTH REAL ESTATE,14.27,-0.07,-0.49,118.8,0.002634,-1.45
698,MPWR,MONOLITHIC POWER SYSTEM,178.72,2.38,1.35,78.0,0.0018059999999999999,0.39
699,MNRO,MONRO MUFFLER BRAKE INC,75.77,-1.71,-2.21,32.0,0.00164,-3.11
700,MOSY,MOSYS INC,1.92,0.0791,4.3,0.0,0.001015,8.78
701,MOV,MOVADO GROUP INC,20.38,-0.64,-3.04,8.4,0.001251,-6.26
702,MTSC,MTS SYSTEMS CORP,49.71,1.2,2.47,22.5,0.0015810000000000002,3.5
703,MLI,MUELLER INDUSTRIES INC,30.94,-0.06,-0.19,17.6,0.001245,-2.55
704,MWA,MUELLER WTR PRODS INC,11.93,-0.02,-0.17,29.8,0.004423,-0.42
705,MVC,MVC CAPITAL INC,9.28,0.0,0.0,14.3,0.00010700000000000001,1.2
706,MYE,MYERS INDUSTRIES INC,16.42,-0.03,-0.18,26.5,0.0009720000000000001,-1.56
707,MYRG,MYR GROUP INC DEL,31.38,-0.12,-0.38,14.8,0.0006490000000000002,-3.71
708,NATH,NATHANS FAMOUS INC NEW,72.77,0.81,1.13,14.4,9.7e-05,2.67
709,NBHC,NATIONAL BANK HOLDINGS,36.18,0.02,0.06,14.6,0.001456,2.73
710,NKSH,NATIONAL BANKSHARES INC,43.8,0.77,1.79,17.0,5.5e-05,-2.52
711,FIZZ,NATIONAL BEVERAGE CORP,46.41,-0.47,-1.0,18.5,0.002995,-9.04
712,NCMI,NATIONAL CINEMEDIA INC,7.82,0.015,0.19,18.2,0.00869,7.2
713,NHI,NATIONAL HEALTH INVS IN,81.75,0.65,0.8,22.8,0.0017809999999999998,0.33
714,NHC,NATIONAL HEALTHCARE COR,87.0,-0.99,-1.13,18.4,0.0005139999999999999,0.66
715,NPK,NATIONAL PRESTO INDS IN,87.75,-1.47,-1.65,19.1,0.0005769999999999999,-0.72
716,NWLI,NATIONAL WESTRN LIFE IN,287.09,-1.94,-0.67,8.8,5.2000000000000004e-05,-1.3
717,NGS,NATURAL GAS SERVICES GR,12.34,-0.24,-1.91,0.0,0.00032,0.65
718,NGVC,NATURAL GROCERS VITA CT,9.75,0.05,0.52,23.2,0.00044699999999999997,-1.22
719,NATR,NATURES SUNSHINE PRODS,9.53,0.08,0.85,68.1,0.00020099999999999998,6.72
720,NLS,NAUTILUS  INC,2.82,0.64,29.36,0.0,0.038,61.14
721,NAVB,NAVIDEA BIOPHARMA INC,1.51,-0.01,-0.66,0.0,0.0027890000000000002,19.84
722,NBTB,NBT BANCORP INC,40.31,0.06,0.15,14.7,0.000916,-0.62
723,NKTR,NEKTAR THERAPEUTICS,21.59,-0.17,-0.78,0.0,0.019,0.02
724,NNI,NELNET INC,59.46,-0.59,-0.98,19.8,0.0007019999999999999,2.09
725,NEOG,NEOGEN CORP,65.34,0.35,0.54,57.3,0.001222,0.12
726,NEO,NEOGENOMICS INC,29.65,0.42,1.44,,0.006759,1.37
727,NEON,NEONODE INC,2.18,0.106,5.11,0.0,0.00032900000000000003,12.41
728,NPTN,NEOPHOTONICS CORP,9.24,0.03,0.33,0.0,0.007815,4.76
729,NETE,NET ELEMENT INTL INC,3.46,-0.02,-0.57,0.0,0.000334,7.79
730,NTGR,NETGEAR INC,25.06,-0.3,-1.18,30.6,0.002598,2.24
731,NTCT,NETSCOUT SYSTEMS INC,25.01,0.18,0.72,0.0,0.003002,3.91
732,NBIX,NEUROCRINE BIOSCIENCES,113.76,2.47,2.22,517.1,0.008425,5.83
733,NJR,NEW JERSEY RESOURCES,42.52,-0.14,-0.33,22.5,0.007379999999999999,-4.6
734,NMFC,NEW MTN FIN CORP,13.81,-0.07,-0.5,13.7,0.006084,0.51
735,NRZ,NEW RESIDENTIAL INVT,16.34,0.09,0.55,20.9,0.069,1.43
736,NYMT,NEW YORK MTG TR INC,6.23,0.05,0.81,14.5,0.071,0.0
737,NYT,NEW YORK TIMES CO,31.52,-1.02,-3.13,41.5,0.01,-2.02
738,NLNK,NEWLINK GENETICS CORP,2.19,0.07,3.3,0.0,0.006673,-13.44
739,NXST,NEXSTAR BROADCASTING GR,123.17,-2.34,-1.86,21.8,0.005998,5.05
740,EGOV,NIC INC,21.93,-0.1,-0.45,29.2,0.003218,-1.88
741,NICK,NICHOLAS FINANCIAL INC,8.31,-0.2237,-2.62,0.0,0.000285,0.85
742,NNBR,NN INC,8.53,-0.15,-1.73,0.0,0.0024460000000000003,-7.78
743,NAT,NORDIC AMERICAN TANKER,4.98,0.12,2.47,0.0,0.034,1.22
744,NOG,NORTHERN OIL & GAS INC,2.14,0.05,2.39,2.0,0.056,-8.55
745,NFBK,NORTHFIELD BANCORP INC,16.51,-0.125,-0.75,19.4,0.00075,-2.65
746,NRIM,NORTHRIM BANCORP INC,38.0,0.2,0.53,12.5,0.000143,-0.78
747,NWBI,NORTHWEST BANCSHARES IN,16.41,-0.11,-0.67,15.5,0.005502,-1.32
748,NWN,NORTHWEST NATURAL GAS C,71.15,-1.21,-1.67,32.6,0.002366,-3.5
749,NWPX,NORTHWEST PIPE CO,32.27,0.38,1.19,19.6,0.0008470000000000001,-3.12
750,NWE,NORTHWESTERN CORP,70.79,0.43,0.61,17.2,0.002346,-1.23
751,NVAX,NOVAVAX INC,4.01,-0.27,-6.31,0.0,0.021,0.75
752,NUVA,NUVASIVE INC,79.7,0.58,0.73,88.6,0.006731999999999999,3.05
753,NES,NUVERRA ENVTL SOLUTIONS,2.9,0.05,1.75,0.0,4.6e-05,0.17
754,NVEC,NVE CORP,69.98,-0.44,-0.62,24.8,8.1e-05,-1.99
755,OCFC,OCEANFIRST FINANCIAL,25.45,0.26,1.03,13.8,0.003387,-0.35
756,OMEX,ODYSSEY MARINE EXPLOR,4.32,0.17,4.1,0.0,0.000611,35.42
757,OFG,OFG BANCORP,22.79,0.15,0.66,16.0,0.0034549999999999997,-3.47
758,ODC,OIL DRI CORP OF AMERICA,36.46,0.25,0.69,18.1,0.000105,0.58
759,OLN,OLIN CORP,16.53,-0.16,-0.96,23.0,0.021,-4.17
760,ZEUS,OLYMPIC STEEL INC,17.68,-0.01,-0.06,61.0,0.000529,-1.34
761,OFLX,OMEGA FLEX INC,107.8,-0.78,-0.72,61.3,0.000136,0.48
762,OMER,OMEROS CORP,13.58,0.205,1.53,0.0,0.018,-3.66
763,OMCL,OMNICELL INC,81.32,-0.34,-0.42,63.5,0.002424,-0.49
764,OMN,OMNOVA SOLUTIONS INC,10.11,-0.01,-0.1,56.2,0.0008759999999999999,0.0
765,ASGN,ON ASSIGNMENT INC,70.64,0.69,0.99,20.8,0.0019,-0.46
766,OLP,ONE LIBERTY PROPERTIES,27.44,0.02,0.07,43.6,0.000302,0.92
767,OPY,OPPENHEIMER HOLDINGS IN,27.88,-0.31,-1.1,10.8,0.000388,1.46
768,OSUR,ORASURE TECHNOLOGIES IN,7.85,-0.04,-0.51,20.1,0.0026309999999999997,-2.24
769,ORBC,ORBCOMM INC,4.18,0.06,1.46,0.0,0.009255,-0.71
770,ORN,ORION MARINE GROUP INC,5.05,0.09,1.81,0.0,0.0007599999999999999,-2.7
771,ORA,ORMAT TECHNOLOGIES INC,75.68,0.71,0.95,41.1,0.001492,1.56
772,OFIX,ORTHOFIX INTL N V,46.71,0.42,0.91,0.0,0.001008,1.15
773,OSIS,OSI SYSTEMS INC,101.17,1.23,1.23,24.9,0.00141,0.43
774,OTTR,OTTER TAIL CORP,51.45,0.32,0.63,25.5,0.000638,0.31
775,OSTK,OVERSTOCK COM INC,8.12,0.235,2.98,0.0,0.02,15.18
776,OMI,OWENS & MINOR INC,5.01,-0.03,-0.6,0.0,0.01,-3.09
777,OXM,OXFORD INDUSTRIES INC,72.42,-3.17,-4.19,17.5,0.001943,-3.98
778,PACB,PACIFIC BIOSCIENCES CA,4.64,-0.065,-1.38,0.0,0.055,-9.63
779,PPBI,PACIFIC PREMIER BANCORP,31.79,0.02,0.06,12.4,0.001771,-2.5
780,PCRX,PACIRA PHARMACEUTICALS,42.9,-0.2,-0.46,858.0,0.011,-5.3
781,PACW,PACWEST BANCORP,37.0,-0.31,-0.83,9.6,0.006878,-3.32
782,PHX,PANHANDLE OIL AND GAS,9.86,-0.56,-5.37,0.0,0.000518,-12.04
783,PZZA,PAPA JOHNS INTERNATIONA,65.28,0.72,1.12,0.0,0.004437,3.37
784,PZG,PARAMOUNT GOLD & SILVER,0.77,-0.0081,-1.04,0.0,0.00011499999999999999,-0.18
785,PKE,PARK ELECTROCHEMICAL,16.72,0.23,1.39,40.8,0.002416,2.77
786,PRK,PARK NATIONAL CORP,101.59,-0.66,-0.65,15.6,0.00026000000000000003,-0.77
787,PKOH,PARK OHIO HOLDINGS CORP,35.25,0.23,0.66,9.5,0.000587,4.75
788,PKD,PARKER DRILLING CO,19.61,-0.46,-2.29,0.0,0.000221,-12.84
789,PATK,PATRICK INDS INC,52.37,-0.33,-0.63,12.6,0.001698,-0.11
790,PCTI,PC-TEL INC,8.47,-0.08,-0.94,0.0,0.0005740000000000001,0.0
791,PDCE,PDC ENERGY INC,25.46,-0.94,-3.56,11.8,0.023,-2.71
792,PDFS,PDF SOLUTIONS INC,17.15,-0.05,-0.29,0.0,0.001103,1.54
793,PDLI,PDL BIOPHARMA INC,3.14,0.06,1.95,0.0,0.008262,-3.24
794,PGC,PEAPACK-GLADSTONE FINL,30.26,-0.24,-0.79,12.8,0.000367,-2.07
795,PEB,PEBBLEBROOK HOTEL TRUST,25.77,0.01,0.04,0.0,0.02,-3.88
796,PEGA,PEGASYSTEMS INC,81.92,0.95,1.17,0.0,0.002389,2.85
797,PFLT,PENNANTPARK FLOATING,12.4,0.03,0.24,42.8,0.001263,1.81
798,PNNT,PENNANTPARK INVT CORP,6.54,0.0,0.0,27.3,0.0015689999999999999,0.15
799,PWOD,PENNS WOODS BANCORP INC,33.64,0.14,0.42,18.5,8.499999999999999e-05,-5.4
800,PEI,PENNSYLVANIA REAL ESTAT,5.03,-0.06,-1.18,0.0,0.0076170000000000005,-5.63
801,PFSI,PENNYMAC FINL SVCS INC,33.68,0.54,1.63,9.2,0.0034579999999999997,-1.06
802,PMT,PENNYMAC MORTGAGE INV,22.64,0.2,0.89,9.2,0.009415,1.57
803,PAG,PENSKE AUTOMOTIVE GROUP,47.63,-0.69,-1.43,9.2,0.003098,-5.16
804,PEBO,PEOPLES BANCORP INC,34.0,-0.16,-0.47,12.9,0.000288,-1.9
805,PBY,PEP BOYS MANNY MOE&J,26.01,-0.21,-0.8,,3.1e-05,0.65
806,PRFT,PERFICIENT INC,47.2,0.51,1.09,46.3,0.003331,2.45
807,PFMT,PERFORMANT FINANCIAL CO,1.16,0.05,4.5,0.0,2.2e-05,13.73
808,PETS,PETMED EXPRESS INC,23.69,-0.06,-0.25,18.2,0.005261999999999999,0.72
809,PLAB,PHOTRONICS INC,15.08,-0.08,-0.53,34.3,0.009415999999999999,-4.31
810,PICO,PICO HOLDINGS INC,10.38,-0.3,-2.81,30.6,0.000518,-6.65
811,PIR,PIER 1 IMPORTS INC,3.76,-0.12,-3.09,0.0,0.0041990000000000005,-41.25
812,PPC,PILGRIMS PRIDE CORP NEW,30.81,-0.13,-0.42,21.5,0.005693,-5.82
813,PNFP,PINNACLE FINANCIAL,62.97,-0.16,-0.25,12.1,0.002023,-1.61
814,PLT,PLANTRONICS INC,30.45,1.09,3.71,0.0,0.006065999999999999,11.38
815,PLXS,PLEXUS CORP,77.15,0.29,0.38,22.0,0.0010689999999999999,0.27
816,PNM,PNM RESOURCES INC,48.92,-0.07,-0.14,0.0,0.01,-3.53
817,POL,POLYONE CORP,35.06,0.13,0.37,19.6,0.004323,-4.7
818,POOL,POOL CORP,214.51,0.41,0.19,33.6,0.001704,1.0
819,PRAA,PORTFOLIO RECOVERY ASSO,36.84,0.175,0.48,22.7,0.0021420000000000002,1.47
820,POR,PORTLAND GEN ELEC CO,55.64,0.45,0.82,24.7,0.004811,-0.27
821,PTLA,PORTOLA PHARMACEUTICALS,24.74,0.78,3.26,0.0,0.027,3.6
822,POST,POST HOLDINGS INC,108.06,-0.23,-0.21,65.1,0.003951,-0.95
823,PCH,POTLATCH CORP,43.61,0.33,0.76,71.5,0.001396,0.79
824,POWL,POWELL INDUSTRIES INC,47.57,-0.55,-1.14,56.0,0.000898,-2.9
825,POWI,POWER INTEGRATIONS INC,101.97,1.62,1.61,52.6,0.0009220000000000001,3.09
826,PFBC,PREFERRED BANK,58.58,-0.005,-0.01,11.6,0.000634,-2.52
827,PLPC,PREFORMED LINE PRODUCTS,59.64,-0.36,-0.6,13.3,6.8e-05,-1.18
828,PBH,PRESTIGE BRANDS HOLDING,38.77,-0.58,-1.47,0.0,0.0028940000000000003,-4.27
829,PRGX,PRGX GLOBAL INC,4.34,0.04,0.93,0.0,0.0008810000000000001,-11.79
830,PSMT,PRICESMART INC,67.89,-1.02,-1.48,28.3,0.002427,-4.41
831,PRI,PRIMERICA INC,130.87,1.17,0.9,15.6,0.0012439999999999999,0.24
832,PRIM,PRIMORIS SVCS CORP,21.51,-0.2,-0.92,12.6,0.000769,-3.28
833,PGNX,PROGENICS PHARMACEUTICA,4.87,-0.23,-4.51,0.0,0.005693999999999999,-4.32
834,PRGS,PROGRESS SOFTWARE CORP,42.56,0.07,0.16,35.8,0.001698,2.43
835,PFPT,PROOFPOINT INC,121.87,-1.98,-1.6,0.0,0.014,6.18
836,PRO,PROS HOLDINGS INC,65.33,0.69,1.07,0.0,0.0019140000000000001,9.03
837,PSEC,PROSPECT CAPITAL CORP,6.47,0.01,0.15,30.8,0.015,0.47
838,PRTA,PROTHENA CORP PLC,15.77,0.39,2.54,0.0,0.0018059999999999999,-0.38
839,PRLB,PROTO LABS INC,101.62,0.22,0.22,40.6,0.0009539999999999999,0.07
840,PRSC,PROVIDENCE SERVICE CORP,62.41,2.08,3.45,0.0,0.000925,5.46
841,PFS,PROVIDENT FINANCIAL SVC,24.15,-0.26,-1.07,12.8,0.002355,-2.03
842,PROV,PROVIDENT FINL HLDGS IN,21.88,0.07,0.32,32.7,2.7000000000000002e-05,-0.09
843,PSB,PS BUSINESS PARKS INC,164.46,0.75,0.46,43.3,0.000916,-0.25
844,PCYO,PURECYCLE CORP,12.58,0.02,0.16,30.7,0.000558,-0.08
845,PZN,PZENA INVESTMENT MGMT,8.6,0.05,0.58,12.3,0.001097,-0.23
846,QADA,QAD INC,51.32,0.13,0.25,0.0,0.00043799999999999997,0.77
847,QUAD,QUAD / GRAPHICS INC,4.96,-0.06,-1.2,0.0,0.003019,6.21
848,KWR,QUAKER CHEMICAL CORP,165.3,-0.12,-0.07,96.2,0.000949,0.47
849,QLYS,QUALYS INC,84.08,0.03,0.04,55.3,0.0030600000000000002,0.85
850,QDEL,QUIDEL CORP,76.15,-1.11,-1.44,42.3,0.0021219999999999998,1.49
851,QNST,QUINSTREET INC,14.68,-0.1,-0.68,13.3,0.002874,-4.11
852,RDN,RADIAN GROUP INC,24.88,0.39,1.59,8.2,0.015,-1.11
853,RMBS,RAMBUS INC,14.19,0.4,2.9,0.0,0.012,3.01
854,RPT,RAMCO-GERSHENSON PPTYS,14.23,-0.2,-1.39,158.1,0.003461,-5.39
855,RAVN,RAVEN INDUSTRIES INC,33.81,0.08,0.24,35.3,0.0032240000000000003,-1.89
856,ROLL,RBC BEARINGS INC,166.13,-1.01,-0.6,37.7,0.001253,4.92
857,RDI,READING INTERNATIONAL,11.09,0.36,3.36,42.7,0.000468,-0.89
858,RNWK,REALNETWORKS INC,1.36,0.02,1.49,0.0,0.000391,13.33
859,RRGB,RED ROBIN GOURMET BURGE,33.55,0.68,2.07,0.0,0.001449,1.61
860,RWT,REDWOOD TRUST INC,16.93,0.1,0.59,15.0,0.005155,2.36
861,RGS,REGIS CORP,16.82,0.27,1.63,0.0,0.003913000000000001,-5.88
862,RGLS,REGULUS THERAPEUTICS,1.21,-0.3,-19.87,0.0,0.019,35.96
863,RNST,RENASANT CORP,34.67,-0.14,-0.4,11.7,0.001167,-2.12
864,REGI,RENEWABLE ENER GROUP IN,25.31,0.12,0.48,0.0,0.006843999999999999,-6.09
865,RCII,RENT A CENTER INC,29.04,0.15,0.52,12.0,0.004399,0.69
866,RGEN,REPLIGEN CORP,96.41,1.28,1.35,192.8,0.0034130000000000002,4.23
867,RFP,RESOLUTE FOREST PRODUCT,4.03,-0.04,-0.98,6.3,0.002696,-4.05
868,RECN,RESOURCES CONNECTION,16.24,-0.265,-1.61,15.9,0.002146,-0.58
869,ROIC,RETAIL OPPORTUNITY INVT,16.76,-0.22,-1.3,38.1,0.014,-5.1
870,REV,REVLON INC,20.83,0.26,1.26,0.0,0.000337,-2.75
871,REX,REX AMERICAN RESOURCES,78.3,1.05,1.36,118.6,0.000516,-4.47
872,RXN,REXNORD CORP NEW,32.73,0.16,0.49,19.6,0.006498,0.34
873,RELL,RICHARDSON ELECTRONICS,5.65,-0.53,-8.64,0.0,0.0018449999999999999,0.36
874,RIGL,RIGEL PHARMACEUTICALS,2.16,0.0,0.0,0.0,0.009235,0.93
875,RNET,RIGNET INC,6.02,-0.18,-2.9,0.0,0.00044800000000000005,-8.79
876,RAD,RITE AID CORP,12.69,-0.46,-3.5,0.0,0.071,-17.97
877,RLI,RLI CORP,90.62,1.22,1.36,35.0,0.0012980000000000003,0.67
878,RLJ,RLJ LODGING TR,16.57,-0.26,-1.54,30.1,0.019,-6.49
879,RRTS,ROADRUNNER TRNSN SVCS,8.1,-0.03,-0.37,0.0,0.00014199999999999998,-12.05
880,RMTI,ROCKWELL MEDICAL INC,2.32,0.02,0.87,0.0,0.000995,-4.92
881,ROG,ROGERS CORP,134.08,3.35,2.56,24.9,0.001925,7.5
882,ROSE,ROSETTA RESOURCES INC,1.2,-0.17,-12.41,0.3,0.001092,-6.25
883,RST,ROSETTA STONE INC,18.35,-0.4,-2.13,0.0,0.000663,1.16
884,RTIX,RTI BIOLOGICS INC,2.62,-0.03,-1.13,0.0,0.000789,-4.38
885,RBCN,RUBICON TECHNOLOGY INC,8.56,0.0383,0.45,0.0,5.9999999999999995e-05,2.88
886,RUTH,RUTH'S HOSPITALITY GROUP,22.06,-0.14,-0.63,15.4,0.0017219999999999998,1.36
887,RHP,RYMAN HOSPITALITY PPTYS,84.42,-0.18,-0.21,16.8,0.0035,-2.58
888,STBA,S & T BANCORP INC,40.28,-0.035,-0.09,13.5,0.001381,-0.01
889,SYBT,S Y BANCORP INC,40.75,0.015,0.04,14.6,0.00028199999999999997,-0.75
890,SBRA,SABRA HEALTH CARE REIT,21.23,-0.01,-0.05,424.6,0.01,-0.52
891,SFE,SAFEGUARD SCIENTIFICS,10.78,0.1,0.94,5.8,0.00043099999999999996,-1.82
892,SAFT,SAFETY INSURANCE GRP IN,93.93,-0.08,-0.09,16.1,0.000667,1.51
893,SAIA,SAIA INC,91.31,2.16,2.42,20.5,0.0045780000000000005,-1.94
894,SALM,SALEM COMMUNICATIONS,1.56,-0.17,-9.83,0.0,0.001537,8.33
895,SAFM,SANDERSON FARMS INC,168.7,-3.22,-1.87,70.0,0.003496,-4.27
896,SASR,SANDY SPRING BANCORP,37.59,0.085,0.23,11.9,0.002251,-0.78
897,JBSS,SANFILIPPO JOHN B & SON,88.83,0.07,0.08,22.3,0.001382,-2.68
898,SGMO,SANGAMO BIOSCIENCES INC,8.49,0.155,1.86,0.0,0.012,1.49
899,SANM,SANMINA CORPORATION,34.06,-0.06,-0.18,17.3,0.002672,-0.53
900,SPNS,SAPIENS INTL CORP N V,25.39,0.38,1.52,57.7,0.0006540000000000001,10.39
901,SRPT,SAREPTA THERAPEUTICS IN,131.64,1.61,1.24,0.0,0.007802,2.01
902,BFS,SAUL CENTERS INC,51.94,-0.5,-0.95,30.4,0.0006459999999999999,-1.59
903,SCSC,SCANSOURCE INC,35.94,-0.07,-0.19,16.9,0.000705,-2.73
904,SCHN,SCHNITZER STEEL INDS,21.11,-0.56,-2.58,10.5,0.004451,-2.63
905,SCHL,SCHOLASTIC CORP,37.09,-0.45,-1.2,75.7,0.001454,-3.54
906,SWM,SCHWEITZER-MAUDUIT INTL,37.61,-0.85,-2.21,16.0,0.002144,-10.43
907,SGMS,SCIENTIFIC GAMES CORP,28.28,-0.7,-2.42,21.1,0.004375,5.6
908,STNG,SCORPIO TANKERS INC,38.38,1.54,4.18,0.0,0.015,-2.44
909,SEB,SEABOARD CORP,,19.37,0.46,272.6,3.3099999999999996e-06,-1.25
910,SEAC,SEACHANGE INTERNATIONAL,3.88,-0.08,-2.02,0.0,0.003926,-7.4
911,SBCF,SEACOAST BANKING CORP F,30.45,0.38,1.26,18.0,0.002845,-0.39
912,CKH,SEACOR HOLDINGS INC,42.03,-0.09,-0.21,32.8,0.000662,-2.6
913,SEM,SELECT MEDICAL HOLDINGS,23.08,0.12,0.52,22.2,0.007031999999999999,-1.11
914,SIGI,SELECTIVE INSURANCE GRP,66.85,0.7,1.06,17.0,0.001668,2.55
915,SMTC,SEMTECH CORP,53.16,0.215,0.41,72.8,0.0038729999999999997,0.49
916,SXT,SENSIENT TECHNOLOGIES,63.05,-0.32,-0.5,20.2,0.002029,-4.6
917,SREV,SERVICESOURCE INTL LLC,1.7,0.01,0.59,0.0,0.001019,1.8
918,SHEN,SHENANDOAH TELECOMM CO,43.12,0.96,2.28,38.2,0.003942,3.63
919,SHLO,SHILOH INDUSTRIES INC,3.26,-0.09,-2.69,0.0,0.000741,-8.43
920,SFL,SHIP FINANCE INTL,14.76,0.36,2.5,17.2,0.007134000000000001,1.51
921,SCVL,SHOE CARNIVAL INC,37.52,0.21,0.56,13.7,0.002303,0.63
922,SSTK,SHUTTERSTOCK INC,43.19,-0.2,-0.46,50.2,0.001011,0.72
923,BSRR,SIERRA BANCORP,28.26,-0.25,-0.88,12.6,0.000194,-2.95
924,SIGA,SIGA TECHNOLOGIES INC,5.09,-0.05,-0.97,9.1,0.00187,6.71
925,SFNC,SIMMONS FIRST NATIONAL,26.42,0.03,0.11,10.4,0.005453,-1.4
926,SSD,SIMPSON MANUFACTURING,81.67,-0.01,-0.01,30.9,0.0015609999999999999,1.79
927,SBGI,SINCLAIR BROADCAST GROU,31.21,-0.67,-2.1,14.9,0.009948,-6.39
928,SJW,SJW CORP,68.59,0.49,0.72,49.7,0.0018059999999999999,-3.48
929,SKX,SKECHERS U S A INC,42.83,0.11,0.26,19.8,0.013,-0.83
930,SKYW,SKYWEST INC,64.68,0.47,0.73,10.0,0.001838,0.08
931,SLRC,SOLAR CAPITAL LTD,20.7,0.03,0.15,13.0,0.000989,0.39
932,SUNS,SOLAR SENIOR CAP LTD,17.71,0.03,0.17,19.7,0.000466,0.62
933,SAH,SONIC AUTOMOTIVE INC,29.1,-0.59,-1.99,10.5,0.0029519999999999998,-6.13
934,SJI,SOUTH JERSEY INDUSTRIES,30.92,-0.25,-0.8,32.2,0.006227,-6.25
935,SBSI,SOUTHSIDE BANCSHARES IN,36.96,-0.02,-0.05,16.9,0.0006490000000000002,-0.48
936,SWX,SOUTHWEST GAS CORP,75.42,0.3,0.4,20.8,0.002837,-0.72
937,LOV,SPARK NETWORKS INC,4.53,-0.06,-1.31,0.0,0.001547,0.0
938,SPAR,SPARTAN MOTORS INC,17.62,0.13,0.74,36.0,0.003094,-2.54
939,SPTN,SPARTAN STORES INC,13.35,-0.28,-2.05,0.0,0.001911,-6.25
940,SPB,SPECTRUM BRANDS HOLDING,62.8,-0.37,-0.59,0.0,0.004025,-2.32
941,SPPI,SPECTRUM PHARMACEUTICAL,3.26,-0.02,-0.61,0.0,0.029,-10.44
942,SRC,SPIRIT RLTY CAP INC,49.06,-0.22,-0.45,20.0,0.012,-0.24
943,SPSC,SPS COMM INC,56.22,0.12,0.21,63.9,0.001206,1.44
944,SSNC,SS&C TECHNOLOGIES HLDGS,63.14,1.08,1.74,46.8,0.014,2.83
945,STAA,STAAR SURGICAL CO,35.41,0.6,1.72,196.7,0.002369,0.68
946,STAG,STAG INDL INC,31.5,0.01,0.03,49.2,0.006681,-0.22
947,SSI,STAGE STORES INC,8.13,-0.5,-5.79,0.0,0.015,0.12
948,STMP,STAMPS COM INC,82.14,-0.52,-0.63,18.3,0.0022600000000000003,-1.65
949,SMP,STANDARD MOTOR PRODUCTS,52.88,-0.69,-1.29,17.6,0.000698,-0.64
950,SXI,STANDEX INTERNATIONAL,77.24,-0.5,-0.64,21.3,0.000459,-2.66
951,STFC,STATE AUTO FINANCIAL,30.77,0.03,0.1,45.3,0.00033,-0.81
952,SCS,STEELCASE INC,19.49,-0.52,-2.6,15.1,0.009498000000000001,-4.74
953,SMRT,STEIN MART INC,0.67,0.0002,0.03,0.0,0.001356,0.63
954,SCM,STELLUS CAP INVT CORP,14.38,-0.02,-0.14,9.5,0.0009339999999999999,1.05
955,STML,STEMLINE THERAPEUTICS,10.25,-0.18,-1.73,0.0,0.0023870000000000002,-3.57
956,SCL,STEPAN CO,101.74,-1.34,-1.3,22.3,0.0012029999999999999,-0.68
957,STE,STERIS CORP,151.78,0.83,0.55,38.6,0.006441,-0.42
958,STL,STERLING BANCORP,20.8,0.15,0.73,10.3,0.011,-1.33
959,STRL,STERLING CONSTRUCTION C,14.13,-0.22,-1.53,16.2,0.000659,0.36
960,STSA,STERLING FINL CORP WASH,18.75,0.06,0.32,0.0,0.001295,-4.73
961,STC,STEWART INFORMATION,40.72,-0.03,-0.07,10.7,0.001057,-0.17
962,SRI,STONERIDGE INC,29.8,0.0,0.0,12.5,0.002782,1.64
963,STRA,STRAYER EDUCATION INC,159.52,1.21,0.76,37.5,0.0006389999999999999,0.39
964,RGR,STURM RUGER & CO INC,48.73,-0.47,-0.96,23.7,0.0016989999999999998,3.61
965,INN,SUMMIT HOTEL PROPER,11.89,-0.06,-0.5,19.2,0.018,-3.65
966,SUI,SUN COMMUNITIES INC,147.91,-0.06,-0.04,93.0,0.006764,-1.46
967,SXC,SUNCOKE ENERGY INC,6.16,-0.21,-3.3,0.0,0.006520999999999999,-1.12
968,SNSS,SUNESIS PHARMACEUTICALS,0.4,0.0076,1.94,0.0,0.015,18.39
969,SPWR,SUNPOWER CORP,7.89,0.215,2.8,0.0,0.024,1.15
970,SHO,SUNSTONE HOTEL INVS INC,13.17,-0.21,-1.57,19.4,0.038,-5.39
971,SUP,SUPERIOR INDUSTRIES INT,3.37,-0.04,-1.17,0.0,0.001952,-8.67
972,SUPN,SUPERNUS PHARMACEUTICAL,23.65,-0.065,-0.27,12.1,0.002669,-0.32
973,SPRT,SUPPORT.COM INC,1.38,0.11,8.66,6.3,0.003141,26.61
974,SRDX,SURMODICS INC,40.66,0.0,0.0,73.9,0.000599,-1.86
975,SFY,SWIFT ENERGY CO,11.41,0.081,0.71,,0.000321,1.6
976,SYKE,SYKES ENTERPRISES INC,35.83,0.275,0.77,26.0,0.002565,-3.15
977,SYNA,SYNAPTICS INC,68.98,-0.4,-0.58,0.0,0.006455,4.88
978,SNCR,SYNCHRONOSS TECHNOLOGY,5.87,-0.08,-1.34,0.0,0.0027660000000000002,23.58
979,SNX,SYNNEX CORP,128.84,1.89,1.49,14.5,0.00589,0.03
980,SYX,SYSTEMAX INC,24.96,-0.07,-0.28,18.5,0.000312,-0.79
981,TTWO,TAKE-TWO INTERACTIVE,128.02,0.2,0.16,41.3,0.008043000000000002,4.57
982,TAL,TAL INTERNATIONAL GROUP,53.61,1.94,3.75,160.8,0.032,11.22
983,TRGP,TARGA RESOURCES INC,40.36,0.77,1.94,0.0,0.025,-1.15
984,TCPC,TCP CAP CORP,14.06,-0.02,-0.14,27.0,0.002691,0.07
985,TISI,TEAM INC,15.3,-0.33,-2.11,0.0,0.001271,-4.2
986,TTGT,TECHTARGET INC,25.02,-0.35,-1.38,46.3,0.00132,-4.14
987,TNK,TEEKAY TANKERS LTD,24.87,1.2,5.07,0.0,0.009997,3.75
988,TRC,TEJON RANCH CO,15.86,-0.11,-0.69,396.5,0.000678,-0.75
989,TDY,TELEDYNE TECHNOLOGIES,366.1,4.55,1.26,36.2,0.001865,5.64
990,TNAV,TELENAV INC,4.48,0.07,1.59,0.0,0.002716,-7.82
991,TTEC,TELETECH HOLDINGS INC,40.77,1.01,2.54,27.4,0.0012720000000000001,2.9
992,TNC,TENNANT CO,80.24,0.8,1.01,34.8,0.000681,2.98
993,TEN,TENNECO INC,10.26,-0.79,-7.15,0.0,0.039,-21.68
994,TRNO,TERRENO REALTY CORP,54.42,0.2,0.37,53.9,0.0022329999999999997,0.52
995,TBNK,TERRITORIAL BANCORP INC,30.26,-0.18,-0.59,13.2,0.000121,-2.2
996,TESS,TESSCO TECHNOLOGIES INC,10.86,0.06,0.56,120.7,0.000478,-3.21
997,TTEK,TETRA TECH INC,87.26,0.94,1.09,30.7,0.001709,1.28
998,TTI,TETRA TECHNOLOGIES INC,1.73,-0.07,-3.89,0.0,0.0071530000000000005,-11.73
999,TTPH,TETRAPHASE PHARMA INC,2.75,-0.01,-0.36,0.0,0.000505,-2.14
1000,TCBI,TEXAS CAPITAL BANCSHARE,57.3,0.465,0.82,9.3,0.004803,0.93
1001,TXRH,TEXAS ROADHOUSE INC,55.85,0.05,0.09,24.6,0.009902,-0.83
1002,TGH,TEXTAINER GROUP HLDGS,10.69,-0.05,-0.47,15.3,0.001458,-0.19
1003,TGTX,TG THERAPEUTICS INC,13.03,0.85,6.98,0.0,0.029,17.39
1004,THR,THERMON GROUP HLDGS INC,26.53,0.04,0.15,35.4,0.000989,-1.01
1005,TCRD,THL CR INC,6.38,0.02,0.31,0.0,0.00066,1.11
1006,THOR,THORATEC CORP,69.48,-0.43,-0.62,0.0,0.002529,-0.59
1007,TLYS,TILLYS INC,11.97,-0.09,-0.75,14.3,0.0033659999999999996,-2.29
1008,TWI,TITAN INTERNATIONAL INC,3.87,-0.08,-2.03,0.0,0.0032170000000000002,6.91
1009,TITN,TITAN MACHINERY INC,14.22,-0.23,-1.59,28.4,0.001083,-3.79
1010,TIVO,TIVO INC,8.18,-0.04,-0.49,0.0,0.011,-3.54
1011,TMP,TOMPKINS FINANCIAL CORP,91.15,-0.06,-0.07,17.5,0.00035099999999999997,-0.38
1012,TRNX,TORNIER N V,1.07,-0.09,-7.76,0.1,0.021,17.95
1013,CLUB,TOWN SPORTS INTL,2.52,-0.02,-0.79,0.0,0.0016829999999999998,47.37
1014,TOWN,TOWNEBANK PORTSMOUTH VA,27.81,0.155,0.56,14.3,0.001059,-0.05
1015,TWMC,TRANS WORLD ENTMT CORP,2.24,-0.21,-8.57,0.0,0.00011899999999999999,11.44
1016,TZOO,TRAVELZOO INC,10.8,-0.14,-1.28,21.2,0.0005009999999999999,0.93
1017,TREE,TREE.COM INC,305.64,1.32,0.43,112.4,0.001013,0.73
1018,THS,TREEHOUSE FOODS INC,46.44,-0.21,-0.45,0.0,0.002496,-4.25
1019,TREX,TREX INC,96.92,2.53,2.68,42.3,0.0050799999999999994,7.83
1020,TPH,TRI POINTE HOMES INC,15.71,-0.04,-0.25,12.0,0.016,0.83
1021,TCBK,TRICO BANCSHARES,39.78,-0.25,-0.62,13.1,0.0004,-2.52
1022,TRS,TRIMAS CORP,31.28,-0.06,-0.19,18.6,0.001016,-0.41
1023,GTS,TRIPLE-S MANAGEMENT COR,17.65,-1.17,-6.22,5.7,0.0049,-4.54
1024,TSC,TRISTATE CAP HLDGS INC,25.64,-0.055,-0.21,13.2,0.00042,-1.86
1025,TBI,TRUEBLUE INC,23.11,-0.13,-0.56,13.2,0.001802,-3.95
1026,TRST,TRUSTCO BANK CORP NY,8.5,0.01,0.12,13.7,0.001741,-1.96
1027,TRMK,TRUSTMARK CORP,33.89,-0.085,-0.25,14.5,0.0012699999999999999,-1.81
1028,TTMI,TTM TECHNOLOGIES INC,15.02,0.04,0.27,27.3,0.0049700000000000005,-0.2
1029,TUES,TUESDAY MORNING CORP,1.77,-0.035,-1.94,0.0,0.000297,-4.59
1030,TPC,TUTOR PERINI CORP,12.04,0.04,0.33,0.0,0.004386999999999999,-6.38
1031,TWIN,TWIN DISC INC,11.4,-0.02,-0.18,103.6,0.000389,3.45
1032,TYL,TYLER TECHNOLOGIES INC,311.39,0.4,0.13,94.4,0.003346,3.79
1033,USCR,U S CONCRETE INC,41.38,0.18,0.44,52.4,0.001755,-0.67
1034,USPH,U S PHYSICAL THERAPY IN,113.56,-0.95,-0.83,48.7,0.0006929999999999999,-0.69
1035,SLCA,U S SILICA HLDGS INC,5.73,-0.04,-0.69,0.0,0.012,-6.83
1036,UFPT,UFP TECHNOLOGIES INC,47.9,-0.45,-0.93,19.5,0.000304,-3.45
1037,UCTT,ULTRA CLEAN HOLDINGS IN,22.31,-0.01,-0.04,0.0,0.0033640000000000002,-4.94
1038,UMBF,UMB FINANCIAL CORP,67.68,0.54,0.8,16.3,0.001097,-1.4
1039,UMH,UMH PROPERTIES INC,15.76,0.25,1.61,0.0,0.001745,0.19
1040,UMPQ,UMPQUA HOLDINGS CORP,18.07,0.05,0.28,11.4,0.012,2.09
1041,UFI,UNIFI INC,24.97,-0.42,-1.65,108.6,0.000872,-1.15
1042,UNF,UNIFIRST CORP MASS,207.53,-8.7,-4.02,22.2,0.001429,2.75
1043,UIS,UNISYS CORP,11.92,0.16,1.36,41.1,0.003317,0.51
1044,UBSI,UNITED BANKSHARES INC,37.51,-0.1,-0.27,14.7,0.00283,-2.97
1045,UCFC,UNITED CMNTY FINL CO,11.51,0.05,0.44,14.4,0.00042300000000000004,-1.29
1046,UCBI,UNITED COMMUNITY BANKS,30.36,0.11,0.36,13.4,0.004834000000000001,-1.68
1047,UFCS,UNITED FIRE GROUP INC,44.06,0.09,0.2,129.6,0.000417,0.75
1048,USLM,UNITED STATES LIME & MI,90.17,-0.03,-0.03,20.0,2.7000000000000002e-05,-0.14
1049,UTL,UNITIL CORP,60.61,0.03,0.05,20.6,0.001003,-1.96
1050,UVV,UNIVERSAL CORP,57.38,1.1,1.93,16.4,0.0019079999999999998,0.56
1051,OLED,UNIVERSAL DISPLAY CORP,218.05,3.62,1.69,78.7,0.0058460000000000005,5.81
1052,UEIC,UNIVERSAL ELECTRONICS,50.84,-0.25,-0.49,0.0,0.000772,-2.72
1053,UFPI,UNIVERSAL FOREST PRODS,48.07,0.62,1.31,17.2,0.003863,0.78
1054,UHT,UNIVERSAL HEALTH REALTY,114.78,-0.06,-0.05,90.5,0.00029,-2.2
1055,UVE,UNIVERSAL INSURANCE,26.34,0.19,0.73,10.0,0.004611,-5.89
1056,USAP,UNIVERSAL STAINLESS & A,14.5,-0.29,-1.96,29.0,0.000183,-2.68
1057,UTI,UNIVERSAL TECHNICAL INS,7.52,0.07,0.94,0.0,0.0009480000000000001,-2.46
1058,UVSP,UNIVEST CORP OF PENN,26.56,0.01,0.04,11.4,0.0007639999999999999,-0.82
1059,URG,UR ENERGY INC,0.55,-0.0096,-1.71,0.0,0.003307,-6.46
1060,UEC,URANIUM ENERGY CORP,0.9,-0.0109,-1.19,0.0,0.0038350000000000003,-1.71
1061,UBA,URSTADT BIDDLE PPTYS IN,24.11,-0.17,-0.7,37.7,0.000936,-2.94
1062,ECOL,US ECOLOGY INC,55.73,-0.33,-0.59,24.3,0.0016460000000000001,-3.76
1063,USNA,USANA HEALTH SCIENCES,81.54,0.09,0.11,18.8,0.0009480000000000001,3.81
1064,UTMD,UTAH MED PRODS INC,102.59,-0.1,-0.1,27.9,0.000101,-4.92
1065,EGY,VAALCO ENERGY INC,2.54,0.22,9.48,25.4,0.00485,14.41
1066,MTN,VAIL RESORTS INC,253.06,4.32,1.74,34.5,0.006843000000000001,5.52
1067,VNDA,VANDA PHARMACEUTICALS,16.25,-0.55,-3.27,7.3,0.0037090000000000005,-1.01
1068,VGR,VECTOR GROUP LTD,13.54,0.19,1.42,19.6,0.007026999999999999,1.12
1069,VECO,VEECO INSTRUMENTS INC,14.75,-0.13,-0.87,0.0,0.0032259999999999997,0.44
1070,VRA,VERA BRADLEY INC,11.25,-0.185,-1.62,32.1,0.0026260000000000003,-4.7
1071,VSTM,VERASTEM INC,1.8,0.08,4.65,0.0,0.106,34.33
1072,VRNT,VERINT SYS INC,57.68,0.6,1.05,75.9,0.0022559999999999998,4.19
1073,VVI,VIAD CORP,65.82,-0.63,-0.95,56.7,0.000915,-2.49
1074,VSAT,VIASAT INC,70.58,0.3,0.43,0.0,0.003878,-3.57
1075,VICR,VICOR CORP,51.43,0.15,0.29,107.1,0.002202,10.08
1076,VHC,VIRNETX HOLDING CORP,4.06,-0.05,-1.22,0.0,0.002663,6.84
1077,VRTS,VIRTUS INVESTMENT PTNRS,124.7,0.6,0.48,13.8,0.000644,2.45
1078,VRTU,VIRTUSA CORP,41.25,-0.31,-0.75,43.0,0.002786,-9.0
1079,VPG,VISHAY PRECISION GROUP,33.48,0.26,0.78,20.9,0.000339,-1.53
1080,VVUS,VIVUS INC,2.81,-0.01,-0.35,0.0,0.00032599999999999996,3.31
1081,VCRA,VOCERA COMMUNICATIONS,20.55,-0.87,-4.06,0.0,0.003282,-1.01
1082,VOXX,VOXX INTERNATIONAL CORP,4.79,0.14,3.01,0.0,0.000727,9.36
1083,VSEC,VSE CORP,35.97,-0.85,-2.31,11.0,0.000132,-5.44
1084,WTI,W&T OFFSHORE INC,5.29,-0.08,-1.49,3.8,0.038,-4.86
1085,WNC,WABASH NATIONAL CORP,14.21,-0.13,-0.91,9.5,0.00324,-3.27
1086,WRE,WASHINGTON REAL ESTATE,29.36,-0.12,-0.41,325.9,0.003053,0.62
1087,WASH,WASHINGTON TRUST BANCOR,52.6,-0.27,-0.51,13.0,0.00035299999999999996,-2.21
1088,WSBF,WATERSTONE FINANCIAL IN,18.44,-0.21,-1.13,14.9,0.000459,-3.1
1089,WSO,WATSCO INC,175.8,0.7,0.4,26.6,0.001756,-2.41
1090,WTS,WATTS WATER TECH INC,99.05,0.16,0.16,25.7,0.0010949999999999998,-0.71
1091,WPP,WAUSAU PAPER CORP,69.29,-0.86,-1.23,19.0,0.0010539999999999998,-1.42
1092,WDFC,WD-40 CO,191.81,2.05,1.08,47.7,0.001443,-1.2
1093,WBS,WEBSTER FINANCIAL CORP,53.6,0.45,0.85,12.9,0.0027140000000000003,0.45
1094,WMK,WEIS MARKETS INC,40.71,0.0,0.0,17.5,0.0009390000000000001,0.54
1095,WCG,WELLCARE GROUP INC,335.18,-0.54,-0.16,27.2,0.002821,1.51
1096,WERN,WERNER ENTERPRISES INC,36.51,0.54,1.5,14.9,0.003471,0.33
1097,WSBC,WESBANCO INC,36.58,-0.08,-0.22,12.0,0.001155,-3.2
1098,WTBA,WEST BANCORPORATION INC,24.89,-0.21,-0.84,14.5,9.2e-05,-2.89
1099,WST,WEST PHARMACEUTICAL SVC,151.46,1.68,1.12,49.7,0.007266,0.75
1100,WABC,WESTAMERICA BANCORP,67.06,0.48,0.72,23.0,0.0014939999999999999,-1.05
1101,WSTL,WESTELL TECHNOLOGIES IN,1.07,0.0653,6.53,0.0,0.00063,19.01
1102,WAL,WESTERN ALLIANCE BANCOR,57.59,0.18,0.31,12.2,0.0070290000000000005,1.04
1103,WMC,WESTERN ASSET MTG CAP,10.29,-0.01,-0.1,14.5,0.0019100000000000002,-0.39
1104,WHG,WESTWOOD HOLDINGS GROUP,29.22,0.09,0.31,28.1,0.000268,-1.35
1105,WEX,WEX INC,217.46,4.35,2.04,145.0,0.0019190000000000001,3.82
1106,WEYS,WEYCO GROUP INC,24.12,-0.05,-0.21,11.3,9.2e-05,-8.81
1107,WHF,WHITEHORSE FINANCE INC,13.67,-0.17,-1.23,10.4,0.001284,-0.22
1108,WSR,WHITESTONE REIT,13.18,-0.11,-0.83,34.7,0.00256,-3.23
1109,WLH,WILLIAM LYON HOMES,21.1,-0.13,-0.61,13.3,0.002034,5.61
1110,WINA,WINMARK CORP,204.29,-0.7,-0.34,26.9,0.00011100000000000001,3.02
1111,WGO,WINNEBAGO INDUSTRIES IN,52.15,0.44,0.85,16.0,0.0044009999999999995,-1.57
1112,WTFC,WINTRUST FINANCIAL CORP,70.26,-0.04,-0.06,11.8,0.00244,-0.9
1113,WETF,WISDOMTREE INVTS INC,4.29,-0.1,-2.28,429.0,0.02,-11.36
1114,WMS,WMS INDUSTRIES INC,40.25,0.14,0.35,0.0,0.0033539999999999998,3.63
1115,WWW,WOLVERINE WORLD WIDE,33.53,0.14,0.42,18.2,0.0025570000000000002,-0.62
1116,WWD,WOODWARD INC,122.22,0.96,0.79,30.4,0.003327,3.19
1117,WRLD,WORLD ACCEPTANCE CORP,87.12,0.08,0.09,13.9,0.000434,0.83
1118,WWE,WORLD WRESTLING ENTMNT,63.67,0.84,1.34,115.8,0.024,-1.85
1119,WOR,WORTHINGTON INDUSTRIES,40.28,-0.59,-1.44,25.0,0.003467,-4.5
1120,WMGI,WRIGHT MEDICAL GROUP IN,30.37,-0.03,-0.1,0.0,0.017,-0.36
1121,WSFS,WSFS FINANCIAL CORP,42.74,-0.07,-0.16,14.0,0.002322,-2.84
1122,XOMA,XOMA CORPORATION,25.2,-1.08,-4.11,0.0,0.0008699999999999999,-7.69
1123,XPO,XPO LOGISTICS INC,78.72,0.55,0.7,24.2,0.0051,-1.23
1124,YELP,YELP INC,35.16,-0.38,-1.07,53.3,0.006336,0.95
1125,YORW,YORK WATER COMPANY,44.41,0.25,0.57,39.0,0.000442,-3.69
1126,YRCW,YRC WORLDWIDE INC,2.3,-0.11,-4.56,0.0,0.018,-9.8
1127,ZAGG,ZAGG INC,7.71,-0.28,-3.5,59.3,0.00448,-4.93
1128,ZIOP,ZIOPHARM ONCOLOGY INC,4.55,-0.04,-0.87,6.1,0.01,-3.6
1129,ZIXI,ZIX CORP,7.73,0.215,2.86,0.0,0.008201,13.94
1130,ZGNX,ZOGENIX INC,52.7,0.68,1.31,0.0,0.003285,1.09
1131,ZUMZ,ZUMIEZ INC,33.97,-0.51,-1.49,14.7,0.0039369999999999995,-1.66
