id,ime,priimek,drzava,trgovalni_racun
1,Michal,Christofides,Syria,24965603.47
2,Sterling,Tuxwell,Peru,3557677.32
3,Addie,Abden,Indonesia,15104699.04
4,Nichole,Antill,Thailand,69798137.9
5,Brendis,Simonot,Poland,89027595.71
6,Terrill,Byrd,Guinea,23636202.49
7,Aguistin,Jordi,Peru,10955057.14
8,Stephani,Rispine,Russia,44040494.76
9,Mellicent,Chasle,Russia,69727756.31
10,Petrina,Matley,Canada,146682.75
11,Tatum,Taylot,Colombia,67484700.31
12,Nikolai,McCue,Russia,27463394.65
13,Benetta,Aldwinckle,Venezuela,61124313.75
14,Almeria,Balsillie,Russia,48062740.48
15,Karena,Ferreiro,Nicaragua,2677393.12
16,Carter,Robjant,Philippines,48576864.04
17,Moyra,Stiller,Japan,94435705.41
18,Orin,Coate,China,11261138.77
19,Kelby,Gason,Indonesia,62777391.15
20,Nickolas,Culy,Indonesia,89011397.2
21,Adriena,Lamport,Argentina,19935864.63
22,Korney,Keymer,Ukraine,65553703.67
23,Maren,Casemore,Japan,94101333.96
24,Fran,Causton,Indonesia,19291562.97
25,Lock,Cozzi,Russia,20014766.88
26,Licha,Chessil,Sweden,36442242.85
27,Gladi,Letch,Indonesia,59272743.83
28,Jade,Trinder,Sweden,53714751.32
29,Filippa,Boas,Nepal,98883509.63
30,Enoch,Schwieso,Bosnia and Herzegovina,65617924.78
31,Nerty,Lashley,China,48825527.78
32,Nathalia,Reiners,Tanzania,91519910.38
33,Justen,Keslake,Ukraine,77767862.32
34,Julie,Mawdsley,China,31412719.73
35,Antonetta,Fominov,Canada,49450168.18
36,Simmonds,Dudbridge,Czech Republic,94965088.37
37,Glendon,Crufts,Mexico,51084841.62
38,Martie,Yanshinov,Thailand,6521706.0
39,Libbi,Impson,Philippines,47345160.22
40,Star,Vahl,China,47595959.63
41,Elysee,Westmancoat,United States,83842949.73
42,Edouard,Wadwell,Peru,74947922.21
43,Allys,Ellesworthe,Benin,45374568.03
44,Elmira,Germaine,Kenya,68531879.82
45,Cassandry,Arthars,Indonesia,17205749.99
46,Ashil,Fawckner,Philippines,85128461.19
47,Robinia,Greeves,Thailand,39041071.61
48,Dorice,Thandi,Norway,39317782.08
49,Lainey,Batts,China,28991005.67
50,Leonidas,Gregorace,Afghanistan,18401304.68
51,Gayla,Novak,Indonesia,82519434.77
52,Jim,Boards,France,24560277.62
53,Woodrow,Drummer,France,77818732.53
54,Bibbye,Thoday,Russia,38545738.52
55,Horace,Wookey,Indonesia,29664851.94
56,Jason,Lavies,Ukraine,51709935.77
57,Robinson,Greed,Croatia,6699164.96
58,Joellen,Borland,Indonesia,752343.54
59,Ferdy,De Ruggero,China,18893684.51
60,Addie,Tripony,Brazil,57186170.89
61,Obidiah,Fawkes,Colombia,71401782.93
62,Dina,Amorts,Myanmar,55332750.54
63,Inna,Sorbey,Jordan,58495346.56
64,Sara-ann,Matejka,South Africa,36555467.52
65,Georgi,Rilston,China,87025901.57
66,Leah,Yegorchenkov,Colombia,17351501.59
67,Eartha,Atley,China,70418208.43
68,Svend,Ianne,Thailand,57712726.66
69,Elysee,Hamberstone,China,87088809.58
70,Dina,Haxley,China,17421989.6
71,Duane,Guise,South Africa,40840359.24
72,Barny,Hext,China,9620230.0
73,Tania,Dockwray,Finland,8975987.0
74,Ber,Pardal,Portugal,40170766.01
75,Emile,Soigoux,China,34948780.74
76,Natalya,Beardon,Indonesia,72169794.75
77,Therine,Espie,China,33166016.9
78,Schuyler,Iredale,Niger,79733992.04
79,Johannes,Grimston,Indonesia,80348629.59
80,Jeth,Lange,China,9744283.0
81,Hallsy,Fevier,Greece,88940006.82
82,Gannon,Berthon,Japan,34803188.37
83,Kattie,Bryceson,Philippines,9273407.0
84,Marco,Hawlgarth,Russia,6434649.0
85,Cacilia,Rebeiro,Egypt,26495296.3
86,Virginia,Durber,Russia,33159243.75
87,Leonardo,Anthonies,Haiti,77008424.85
88,Sander,Bamlet,El Salvador,33662998.58
89,Zuzana,Krinks,Philippines,34418177.99
90,Elsa,Chopy,South Korea,82699163.74
91,Hortense,Kesten,United States,8810124.0
92,Tracie,Harryman,Bosnia and Herzegovina,47056973.79
93,Mill,Meiklejohn,Philippines,79009444.95
94,Petrina,Haggus,China,86594770.1
95,Wiley,Springer,Russia,8804577.0
96,Jeannine,Heigold,China,79804999.74
97,Zena,Kleinmann,Egypt,70776736.7
98,Pepi,Ilive,Azerbaijan,31835386.7
99,Kayley,Petrak,China,25509006.79
100,Skell,Lempertz,Kosovo,52389471.08
101,Antonius,Betjeman,Nigeria,78789777.28
102,Elwood,Ebbins,Belarus,93000297.74
103,Amandi,Dearnley,Philippines,4930554.0
104,Gerda,Ferrandez,Colombia,18122514.84
105,Jeremie,Gullberg,Ukraine,66101298.9
106,Ludovika,Barrow,Ukraine,77908086.57
107,Domingo,Dibbert,Indonesia,58811282.18
108,Kinna,Barnewelle,Argentina,28124303.51
109,Dicky,Clavey,Peru,98871647.37
110,Catharina,Roller,China,36158469.9
111,Cash,Berisford,Greece,75347116.85
112,Drusilla,Cotta,Greece,74635553.95
113,Meredith,Paske,Czech Republic,52094628.51
114,Devlen,Shillam,Peru,95721150.34
115,Mercy,Ravenshaw,China,76192813.17
116,Filip,Linklet,Kazakhstan,30718799.07
117,Patten,Breeds,China,83236396.42
118,Toby,Lenin,Finland,84618176.35
119,Siward,Hendrikse,Poland,92601919.95
120,Arni,Langcastle,Western Sahara,29171930.1
121,Grantley,McCloughlin,Sweden,83514290.39
122,Tedie,Winmill,Czech Republic,95133304.41
123,Torry,Dunsford,Indonesia,93411829.89
124,Levon,Widdicombe,Albania,66409879.67
125,Tedi,Polino,Serbia,32612409.07
126,Vasily,Coen,Belarus,24066682.91
127,Tedda,Stowgill,Russia,24089099.99
128,Shayne,Von Welden,Japan,61334747.78
129,Cristie,Bach,Portugal,84964778.21
130,Stephani,Brigdale,France,33924135.06
131,Kessia,Fleote,Germany,43995683.95
132,Tatiania,McKall,Norway,57827155.13
133,Geraldine,Dufaur,Uzbekistan,92305683.19
134,Karon,Capnerhurst,Indonesia,35526853.38
135,Pet,Knotton,China,15209433.23
136,Jenelle,Kobierzycki,China,20619204.74
137,Rubia,Perello,Nigeria,27628996.28
138,Saundra,Androletti,Laos,75360722.47
139,Karee,Swinnard,Russia,71128428.79
140,Lorenza,Zeal,Indonesia,40489495.83
141,Janenna,Everist,China,29633347.68
142,Hatti,Edelman,Indonesia,10112604.79
143,Lowe,Prestage,Argentina,43833254.09
144,Maribeth,Birkwood,Japan,89280792.63
145,Christal,Vamplus,Slovenia,24502681.89
146,Chicky,Roberto,Russia,34812799.84
147,Yolane,Breens,Norway,34137598.37
148,Travus,Jira,Indonesia,27374725.91
149,Harper,Tyhurst,Moldova,93313388.37
150,Augustine,Dudek,Philippines,11610732.01
151,Babita,Chawkley,Philippines,86304346.38
152,Xena,Cocher,Mayotte,5382598.05
153,Manolo,Groome,Japan,28711066.08
154,Constanta,Blood,Ukraine,50322577.94
155,Lyndel,Tizzard,Vietnam,74615253.79
156,Collette,Lowerson,Indonesia,87984595.51
157,Nathalie,Hellings,China,39347696.68
158,Fanechka,Hanstock,Togo,20104086.16
159,Shel,MacCathay,China,77172959.43
160,Mariann,Wetheril,Pakistan,27413208.33
161,Aundrea,Marion,Brazil,75799379.98
162,Forrester,Highway,Vietnam,55727051.07
163,Grady,Jellico,Yemen,42271976.49
164,Ellary,Troak,Dominica,24500925.48
165,Birdie,Simcox,Indonesia,25532668.24
166,Floyd,Card,Peru,93889580.25
167,Nikolai,Pilsworth,Colombia,20810387.07
168,Tasha,Magwood,Russia,40586538.15
169,Mata,Skelhorn,Indonesia,80305601.96
170,Catharina,Hatliffe,Russia,56395741.61
171,Eda,Brahmer,Brazil,45930049.26
172,Alisander,Twidle,China,17053108.6
173,Antonius,Warcop,Indonesia,2179040.0
174,Dian,Pycock,China,32541494.26
175,Jarrett,Khomishin,Iceland,10417285.43
176,Wyatt,Ubsdell,Mali,41586761.04
177,Lana,Sewley,Portugal,72042037.38
178,Sloane,Martynov,Greece,27882441.98
179,Alisun,Tallant,France,3488616.0
180,Erma,Grigorescu,Vietnam,87877410.09
181,Ryley,Harbard,China,80643797.05
182,Jobie,Pflieger,Lebanon,21938104.47
183,Julian,Di Franceschi,Indonesia,67893772.39
184,Rafaello,Seedhouse,Azerbaijan,57404949.52
185,Wilden,Tixier,Canada,67413745.28
186,Sarena,Neligan,Croatia,76315272.45
187,Sibeal,Circuit,Syria,23258352.7
188,Benedikt,Notton,Indonesia,78438714.57
189,Cathie,Huscroft,Indonesia,57005040.54
190,Binnie,Ockendon,Poland,56141536.01
191,Jennine,Houtby,Indonesia,89481950.09
192,Melantha,Weld,China,9672614.0
193,Katinka,Ide,Saudi Arabia,85557104.52
194,Homerus,Bilbrey,Micronesia,3461047.0
195,Hannie,Raggett,France,18853441.44
196,Alonso,Pipkin,Iran,48080108.83
197,Barnett,De Pietri,Philippines,87196993.22
198,Jazmin,Mouat,Czech Republic,40126429.31
199,Alana,Guilayn,Sweden,82676590.74
200,Quinn,Oxbury,Philippines,60936100.43
201,Frank,Wilgar,Czech Republic,76482819.24
202,Bill,Roscoe,Peru,70041443.72
203,Zsazsa,Gilleson,Yemen,53135786.82
204,Reube,Skeermer,Canada,51603472.79
205,Kath,Bryns,Poland,947532.0
206,Di,Doole,China,46889331.98
207,Ree,Waszkiewicz,Philippines,84747243.95
208,Caspar,Collins,Norway,86083312.78
209,Dillon,Warmington,Indonesia,37499572.55
210,Kiley,MacArd,China,8452480.0
211,Conroy,Aspinwall,Indonesia,68518066.67
212,Mil,Crosby,Tajikistan,54946586.89
213,Clari,Hargreave,Sweden,44061955.91
214,Renelle,Burlingame,Indonesia,14981526.51
215,Dagny,Martusewicz,Indonesia,40735722.07
216,Ernst,Lowdiane,Poland,85178484.26
217,Lothario,Learmonth,China,46631216.91
218,Kattie,Borrett,Indonesia,36735036.54
219,Law,Wealleans,Russia,73204212.5
220,Amandie,Twiggins,Argentina,20998650.21
221,Cornelius,Cranmore,Russia,28250261.96
222,Katherine,Lerwill,Russia,59325103.74
223,Brenn,Warnock,Greece,50372752.8
224,Aubine,Habard,Sri Lanka,3554102.56
225,Wheeler,Joontjes,Cambodia,45031012.71
226,Lexine,Markwell,Colombia,15473016.89
227,Haleigh,Jeeks,France,78258996.52
228,Dana,Daniell,Indonesia,39079236.44
229,Selby,Tasseler,Portugal,70801256.04
230,Hermann,Ofield,Chile,73839200.28
231,Sven,Desvignes,China,27502810.88
232,Gardy,Slaughter,Portugal,38657604.1
233,Davidde,Dominichetti,Mexico,65127567.74
234,Benedetta,Tithacott,Philippines,97927802.24
235,Alexander,Klass,Canada,65432242.14
236,Florance,Mousdall,Norway,51852048.53
237,Daniel,Tew,Mexico,7278002.0
238,Gratiana,M'cowis,China,67056543.4
239,Grissel,Adderley,Portugal,47802863.27
240,Darrelle,Breakey,Philippines,78039027.38
241,Lillis,Fuggles,China,19736313.26
242,Breanne,Yellowley,Indonesia,58517104.93
243,Astrix,Livingstone,Ireland,48870720.75
244,Virginia,Thunderman,Trinidad and Tobago,37170541.01
245,Reamonn,Leyden,China,82691984.97
246,Nikolas,Caw,Portugal,74013449.73
247,Carlota,McOrkil,Belarus,39776225.15
248,Mei,Vequaud,Poland,55799976.65
249,Ruby,Pethrick,New Zealand,59200186.26
250,Marigold,Kidby,China,96983879.03
251,Jude,Breznovic,Czech Republic,27558229.35
252,Cly,McCrackan,China,99569033.85
253,Alejandro,Douch,Philippines,42216103.07
254,Kinnie,Hubery,China,26332856.66
255,Aigneis,Mesias,China,99559255.24
256,Lorinda,Sharvill,Sweden,5092507.39
257,Margarethe,Rheam,Jamaica,82562739.95
258,Myrlene,Verrills,Thailand,1789906.59
259,Mellicent,Barhams,Cape Verde,60556958.3
260,Fania,Cattonnet,Peru,34915964.98
261,Fallon,MacMurray,Brazil,97514773.23
262,Maren,Osgood,Dominican Republic,60454321.39
263,Brant,Stocken,China,51800609.95
264,Regan,Comettoi,China,3597.63
265,Blinni,Surtees,China,16083524.28
266,Conway,Kighly,Indonesia,61712101.88
267,Rayner,Whittlesee,Indonesia,88917699.41
268,Audrey,Preshaw,Sweden,4242756.0
269,Elise,Verbruggen,China,55331253.42
270,Stephanus,Sheeran,Ukraine,90523643.96
271,Benjie,Gildea,Sweden,22500231.55
272,Hilda,Brodeau,China,99279529.11
273,Westleigh,Bagley,Sierra Leone,480593.34
274,Eberhard,Wallsworth,Peru,89865845.51
275,Garwood,Gallaway,China,28686274.67
276,Iosep,Lamprey,Indonesia,50346353.28
277,Robinett,Twining,Brazil,73203094.31
278,Rockie,Titcomb,Thailand,81277175.71
279,Roger,Height,Poland,63129504.83
280,Mace,Hughlock,France,85120622.38
281,Milty,Landeaux,China,83291538.59
282,Edyth,Crowne,Brazil,8854301.0
283,Lilyan,Wilmot,Sweden,58052858.5
284,Riley,Vignaux,China,56103904.12
285,Mariele,Librey,Indonesia,98174439.42
286,Sallyann,Venus,Canada,56268885.28
287,Uriel,Fewkes,Thailand,38762529.79
288,Krispin,Brislan,Kazakhstan,102974.45
289,Emmaline,Dunkinson,Indonesia,87260374.94
290,Aretha,Tosney,United States,68804674.04
291,Denis,Persian,Thailand,64437621.25
292,Koral,Stainson,Czech Republic,16870758.79
293,Sallyann,Gynn,Georgia,99228194.58
294,Hally,Loverock,Brazil,33577049.99
295,Elroy,Soden,Albania,58570.54
296,Hughie,Ivashechkin,China,94063997.07
297,Lezley,Ebdin,Netherlands,37979302.87
298,Saidee,Kertess,Kazakhstan,51947865.23
299,Shae,Stayte,Niger,8516383.0
300,Winifred,Slayford,China,99006296.38
301,Ahmad,Kidd,Indonesia,87246530.1
302,Thorny,Bessom,Taiwan,57966421.14
303,Florance,McCrohon,Poland,20173892.35
304,Rosita,Kenninghan,China,16203987.19
305,Hamlen,Reignard,Philippines,20426862.96
306,Mathe,Carus,China,78116447.2
307,Phaedra,Pierton,Indonesia,25847224.97
308,Amelita,Molyneux,Belarus,88736625.66
309,Ailis,Ames,Sweden,66161202.11
310,Kettie,Tregona,Ukraine,75447737.6
311,Richmond,Ravenscroft,Venezuela,94273757.19
312,Derk,Ommanney,Cuba,40444677.48
313,Kristopher,Rigney,Nigeria,96834864.25
314,Haskel,Andreia,China,14883476.65
315,Beitris,Loddy,Kosovo,3112197.0
316,Hervey,Bridges,Czech Republic,40250472.72
317,Pembroke,Parkin,Maldives,25908245.49
318,Ashby,Tatlowe,Brazil,71487617.65
319,Ethel,Jacques,Tajikistan,17266768.34
320,Ware,Lamb-shine,China,56381429.82
321,Maryjo,Deniskevich,Indonesia,2957021.72
322,Basia,Attride,Greece,32464935.62
323,Tiffie,Collman,Albania,84787811.75
324,Ranice,Winnard,China,35153855.8
325,Madelin,Dreakin,Mongolia,4025690.0
326,Robert,Balazin,China,16884893.08
327,Keriann,Gabites,France,46904500.39
328,Layney,Garrand,United States,13548243.41
329,Michele,Winslett,China,79167455.26
330,Merissa,Spreadbury,China,89062385.06
331,Vernor,Baroc,Iran,24293088.58
332,Silvio,De Hoogh,Croatia,10383959.71
333,Tamiko,McBeath,China,7765645.51
334,Major,Kilfeather,Nigeria,20634606.64
335,Norry,Goodee,Indonesia,55464498.6
336,Dorette,Checo,China,79497867.81
337,Maressa,Snellman,China,59726590.33
338,Courtney,Stickley,Russia,87784698.2
339,Nertie,McElvogue,Honduras,78704367.26
340,Aggi,Lemonnier,Indonesia,56720877.2
341,Celestia,Yole,South Korea,89105542.97
342,Derril,Malone,Sweden,98508095.25
343,Hiram,Tillot,China,55387010.7
344,Ralina,Akehurst,Colombia,11758282.99
345,Caprice,Viccary,China,96936273.7
346,Denys,Wenger,Russia,44931674.49
347,Gwyn,Blumsom,Panama,23529239.93
348,Ginger,Rispen,Indonesia,54685703.03
349,Terrill,Havvock,China,78996986.01
350,Bondon,Cheetham,Indonesia,86187638.78
351,Celine,Romaynes,China,45688210.65
352,Brynna,Matcham,Zambia,20645549.65
353,Alphonso,Garaghan,Afghanistan,14561767.05
354,Gianna,Jovic,Yemen,38254138.07
355,Ahmed,Twell,France,79594760.99
356,Roxy,Paler,Sweden,7999026.0
357,Dex,Shimman,Nicaragua,58355725.22
358,Sheree,Mc Faul,Latvia,36148165.52
359,Johna,Demaid,Armenia,97225911.41
360,Ricca,Smoughton,Colombia,41116894.33
361,Molli,Grouer,Brazil,86173186.83
362,Mariel,Twelftree,Saudi Arabia,87219036.19
363,Lynnea,Grellier,Guadeloupe,4409522.0
364,Valaria,Bultitude,Philippines,4319656.0
365,Elton,Russell,Indonesia,19074206.78
366,Cordell,Peoples,China,91209462.05
367,Kizzie,Strathman,Russia,21268300.91
368,Joaquin,Taylot,Jamaica,60409878.84
369,Anabelle,Wrench,Portugal,55499511.8
370,Marietta,Gidley,Indonesia,49809376.68
371,Valry,Sasser,Spain,39973838.7
372,Syman,Deamer,Canada,3965604.0
373,Mercy,Langmead,Indonesia,44302668.06
374,Nikolia,Hadley,United States,60178816.69
375,Dorotea,Whiteford,Nigeria,47856253.05
376,Prescott,Adrien,Ukraine,81879972.2
377,Lee,Ivantsov,Portugal,24013074.35
378,York,Spritt,Russia,7197870.0
379,Art,Blose,Poland,30932764.3
380,Joana,Verbrugge,China,11148516.29
381,Hunt,Dunthorn,Georgia,23295773.88
382,Ariela,Georgeou,Sweden,26432367.07
383,Layne,Kerrigan,Nigeria,24961043.48
384,Archibaldo,McCuthais,Indonesia,43110856.47
385,Hermie,Kyneton,Czech Republic,33155271.95
386,Robbert,Becaris,Mexico,97026725.61
387,Jakie,Yoskowitz,Greece,16054925.39
388,Clevie,Goodbur,Japan,51674634.51
389,Grissel,Whitta,Senegal,88621660.83
390,Annabel,Challinor,Mongolia,89844781.84
391,Storm,Dosdill,Zimbabwe,66062823.76
392,Talia,McIlmorow,Japan,52924928.01
393,Katalin,Late,China,22727772.94
394,Ninnetta,Luton,China,69850205.49
395,Linn,Bramich,Philippines,71319548.21
396,Laura,Petry,Portugal,40742729.12
397,Marrissa,Sheasby,Niger,42454383.41
398,Drona,Gilbride,Ukraine,9309333.0
399,Isidro,Carlson,Nauru,56914963.82
400,Udale,Matejic,Indonesia,95203382.36
401,Darn,Schuler,Indonesia,47142369.27
402,Maggee,Raistrick,Poland,87144782.38
403,Townie,Jeyness,Poland,65343955.3
404,Olin,Cuxson,China,72263565.61
405,Belia,Coales,Syria,52199886.17
406,Swen,Endersby,Cuba,23289778.97
407,Tally,Ell,Cuba,69359458.2
408,Wood,Mc Gorley,Ukraine,66481760.48
409,Babara,Maceur,China,16937489.26
410,Jermaine,De Ortega,Brazil,24855149.59
411,Paten,Dunckley,Indonesia,69424150.8
412,Jeanette,Blackford,China,26019484.95
413,Alley,Malyj,Brazil,84971705.22
414,Amelie,Bridgland,China,11463689.27
415,Eugenie,Michelotti,Poland,14998960.56
416,Rinaldo,Sherry,Indonesia,73694533.41
417,Fannie,Normanville,China,7871136.0
418,Aindrea,Andersen,Poland,24803446.12
419,Fidelity,Soppeth,Ukraine,92877662.0
420,Simonette,Peoples,France,54829416.34
421,Philis,Palke,Greece,811689.43
422,Richart,Antonchik,Peru,45740789.2
423,Birch,Spurge,Argentina,47253623.11
424,Amalea,Burdge,Argentina,87803732.82
425,Dianemarie,Servis,Canada,42403599.53
426,Dyan,Wantling,Russia,36440177.36
427,Avril,Foord,China,54869645.34
428,Gayleen,Mellody,Brazil,80301585.62
429,Mab,McComiskey,Indonesia,92859237.64
430,Shurwood,Morsom,Russia,41248693.48
431,Archy,Trunby,Russia,71933681.08
432,Vikky,Daffey,China,9094749.0
433,Alf,Rodgman,Greece,98245644.98
434,Yovonnda,Fuidge,Philippines,47905601.24
435,Avram,Coalbran,Russia,98127290.38
436,Sloane,Bartkiewicz,Russia,23942829.94
437,Kaila,Masham,Russia,9093312.0
438,Belicia,Coils,Iran,39674283.06
439,Joshuah,Manklow,Brazil,88804917.79
440,Salome,MacNalley,China,86601885.11
441,Mendie,Antusch,Indonesia,42288868.13
442,Kris,Morais,China,43180095.68
443,Jazmin,Lusher,China,16787431.56
444,Randall,Fernehough,Poland,19154587.33
445,Dukie,Walklott,China,95533117.1
446,Aaron,Mottini,China,93243063.23
447,Park,Fairbrass,China,48142251.55
448,Aurilia,McGilvary,Japan,76843989.74
449,Jemmy,Linford,China,64385980.53
450,Agnes,Bretherton,Indonesia,58571159.07
451,Lira,Houlston,Portugal,79992934.44
452,Calv,Luty,Russia,49570301.39
453,Manolo,Buist,China,48036552.88
454,Shirley,Rushton,China,40402999.47
455,Jedidiah,Whiff,Portugal,59648694.57
456,Winonah,Worts,China,28824860.48
457,Benoite,Barrie,Liechtenstein,28628250.33
458,Janie,Hanaby,Portugal,40414282.05
459,Raquela,Glastonbury,Brazil,33510219.69
460,Ann,Bowmaker,China,72129127.45
461,Erminia,Godbolt,Venezuela,24534257.55
462,Bibbie,MacCarrane,Poland,99441598.89
463,Annissa,Thorndale,Poland,17785846.55
464,Zeke,Braine,Guatemala,26393539.02
465,Savina,Jewster,South Africa,39920028.6
466,Roobbie,Menghi,Brazil,23706517.9
467,Sheffy,Hulland,China,27865878.08
468,Rae,Kumaar,Mexico,18109203.82
469,Tracey,Pappin,China,78132639.65
470,Margo,Yve,Ukraine,26567478.92
471,Ula,Prangnell,Honduras,46649628.88
472,Thorvald,Relton,Peru,85063588.55
473,Wenona,Adamowicz,Australia,48792659.82
474,Britta,Bedle,Ethiopia,17659577.77
475,Francyne,McGillreich,Philippines,21265026.88
476,Phylys,Howel,China,15801949.23
477,Suzie,Greenig,Russia,32882679.74
478,Mohandas,Tuttiett,Philippines,15237857.72
479,Lurleen,Dawidman,China,74221589.19
480,Fee,Gallemore,Indonesia,42127288.99
481,Reynold,Croser,China,8587674.0
482,Fransisco,Ankrett,Israel,5823856.99
483,Orville,Twitching,China,89847837.31
484,Kittie,Valdes,China,99040300.77
485,Uriah,Colloby,China,79360113.51
486,Kylen,Hassey,Philippines,92593205.4
487,Merry,Tomaszewicz,Afghanistan,89470851.26
488,Danya,Crosi,Botswana,45653793.4
489,Jessie,Haizelden,China,87987999.84
490,Nevsa,Truran,Indonesia,65947533.62
491,Eadmund,Bedham,Greece,15307160.45
492,Tabitha,Smerdon,Czech Republic,95294355.49
493,Ingar,Baelde,Nigeria,76222377.26
494,Ogden,Roder,China,67481115.35
495,Keri,Stirrup,China,99900249.8
496,Cordula,Bilbee,Greece,147614.76
497,Saraann,Klimentyonok,Colombia,65576987.27
498,Mollee,Bazek,Indonesia,15195545.96
499,Dorelle,Highwood,China,49263688.64
500,Lorilyn,Pestricke,Brazil,58548026.87
501,Jerrilyn,Harpur,Portugal,13759770.78
502,Marcile,Duke,Russia,13768987.45
503,Rachele,Rostern,Russia,37893425.35
504,Ranee,Mewes,Poland,60506645.25
505,Shaun,Stigell,Philippines,1503311.47
506,Maia,Oswick,Russia,19379002.95
507,Konstantine,Instone,Peru,650604.07
508,Leisha,Sloan,Poland,13545817.63
509,Vivie,Edens,Russia,91544508.16
510,Nariko,Roberds,Indonesia,29329843.88
511,Lissy,Legh,Peru,63180697.86
512,Hallsy,Kitcherside,Philippines,92849724.74
513,Madalena,Pimmocke,China,32763621.11
514,Tobey,Ebi,Chile,31675022.66
515,Ronny,Schachter,China,75781140.93
516,Ferne,Grantham,Russia,47330950.62
517,Putnam,Pardi,Nigeria,56059072.9
518,Agretha,Giacomello,Chile,77416259.11
519,Daffie,Newlands,Brazil,55981315.15
520,Nevsa,Heatly,France,68923730.83
521,Lynda,Manley,Nauru,70913838.11
522,Kelsey,Worgan,Armenia,86074608.46
523,Aprilette,Siccombe,Indonesia,33265400.07
524,Laverne,Aistrop,Ukraine,49613626.98
525,Sophronia,Scholcroft,China,62798113.29
526,Belvia,Cereceres,Switzerland,80058049.4
527,Clementine,Wynter,Poland,71579139.84
528,Goldarina,De Stoop,Spain,56487005.66
529,Inge,Dell Casa,Vietnam,88675194.13
530,Kathryne,Shirtliff,Pakistan,99770622.67
531,Eunice,Perle,Portugal,63511851.99
532,Jennette,Barth,China,51596850.22
533,Gertie,Molloy,China,33261186.83
534,Giustino,Gylle,France,22363944.31
535,Norrie,Caras,China,72457046.84
536,Manda,Tixier,Haiti,93757834.01
537,Quentin,Casajuana,Argentina,19789467.45
538,Nikolai,Boncore,Democratic Republic of the Congo,89965214.03
539,Virge,Deverock,China,90199597.94
540,Valaree,Ties,China,4246265.43
541,Obidiah,Scouller,Russia,73102730.96
542,Wendeline,Giovani,France,76276952.09
543,Stearn,Hise,China,16180677.19
544,Gaultiero,Ionnisian,China,73236631.01
545,Cahra,McGourty,Brazil,72287884.11
546,Shellysheldon,Toovey,Indonesia,1798929.17
547,Morgan,Woodhead,Indonesia,71067915.08
548,Sindee,Cattrell,Russia,35680348.45
549,Thurstan,Moat,Philippines,67147695.52
550,Mechelle,Althrope,Indonesia,37393657.63
551,Elwira,Athelstan,Russia,91060143.9
552,Elonore,Carragher,China,57929315.78
553,Edmon,Kempster,Indonesia,2211699.99
554,Tracey,Hollyard,Brazil,91460551.39
555,Quintina,Selkirk,Indonesia,31644788.1
556,Noak,Abbey,Peru,33562298.65
557,Howard,Kingsman,Philippines,41053635.29
558,Marie-ann,Hurd,Sweden,63440918.09
559,Jaine,Ludman,Japan,56628940.69
560,Beale,Killelea,Yemen,66694675.2
561,Aldwin,Dene,Russia,87856684.91
562,Zed,Ahren,Nigeria,93902280.44
563,Eden,Westmarland,Peru,28695415.53
564,Artair,Pittson,Indonesia,8566713.0
565,Rowen,Mary,Philippines,54762193.2
566,Tadeas,Vedenyakin,Honduras,61857174.16
567,Dukie,Everill,Portugal,57892263.98
568,Donny,Frugier,China,84039019.84
569,Elsey,Mardle,Palestinian Territory,96490421.52
570,Rory,Manuelli,Nigeria,32816882.09
571,Gabey,Siman,Russia,56656483.22
572,Wallache,Zute,Ukraine,42850470.99
573,Luelle,Battye,Portugal,70015253.24
574,Reina,Hebblewhite,Dominican Republic,31158493.18
575,Loreen,Cherry,Angola,85731727.58
576,Katerina,Trevains,China,10809115.95
577,Brendan,Ruskin,Ukraine,66224933.68
578,Palm,Cush,Thailand,88536128.97
579,Eugenius,Paradin,Mexico,10431709.41
580,Sada,Kornilyev,Portugal,30980180.94
581,Julienne,Esmead,Brazil,41289948.14
582,Joice,Arderne,Vietnam,31443874.61
583,Giselbert,Feathers,Indonesia,42637973.27
584,Hatty,Davidofski,Democratic Republic of the Congo,24829194.75
585,Bo,Meikle,Malaysia,98995891.28
586,Hertha,Biesinger,Sudan,44806726.78
587,Ripley,Sillars,Sweden,47414721.22
588,Batholomew,Jagson,Russia,33611378.9
589,Tammara,Pullen,Canada,72267499.57
590,Bordie,Coan,Panama,46277216.1
591,Berkie,Whaymand,Philippines,22218369.42
592,Jobina,Heigl,China,80429625.59
593,Rodie,Abelson,Philippines,71586099.77
594,Angelita,Asser,Indonesia,97932393.89
595,Bobbi,Gherardelli,South Korea,39852905.79
596,Nerta,Melley,Russia,54199106.81
597,Gina,O'Dyvoy,Indonesia,85681730.12
598,Orland,Vallack,Pakistan,61535746.97
599,Constantine,Eusden,China,53091505.38
600,Lorene,Keeton,Russia,93337731.06
601,Shawnee,Horsell,Tanzania,23968748.33
602,Alva,Loggie,Nicaragua,4765699.0
603,Lyndel,Rojahn,Bangladesh,57725340.69
604,Sascha,Kunneke,Brazil,69565189.52
605,Sandy,Fulloway,Peru,37098948.85
606,Holmes,Fitchet,Indonesia,2839586.49
607,Zarah,Beasleigh,Vietnam,15300364.64
608,Belle,Heading,China,27800060.61
609,Freeman,Bracchi,China,71040722.47
610,Gabey,Edmondson,Thailand,96669146.08
611,Tamera,von Nassau,Jamaica,29299339.69
612,Marcelo,Farrin,Bosnia and Herzegovina,51677419.0
613,Skipton,Deluze,Sweden,85574586.37
614,Sigismundo,Wreiford,Indonesia,29908.91
615,Marietta,Childerley,Poland,41316588.46
616,Chan,Bowcock,Republic of the Congo,25298493.84
617,Emory,Boolsen,Portugal,74826874.14
618,Walt,Strathman,Indonesia,66658910.64
619,Judd,Chopin,China,68019528.56
620,Heriberto,Hendrich,China,49161926.85
621,Olag,Millthorpe,Indonesia,13568641.56
622,Tiffi,Hessel,Philippines,66569612.58
623,Saidee,Clendennen,Indonesia,91930199.52
624,Analise,Lode,France,3513831.3
625,Robin,Lydon,China,83753233.92
626,Bertie,Shutle,Philippines,24354308.56
627,Karola,Guise,Russia,8529150.0
628,Corilla,Greenside,China,1523980.66
629,Charissa,Rosiello,China,94241076.25
630,Delphine,Ixer,Mexico,90021565.59
631,Trix,Berrisford,Thailand,74299834.77
632,Forest,Franklen,Canada,34116016.04
633,Temple,O'Fihily,Vietnam,63574398.59
634,Arlen,Stowgill,China,14627603.23
635,Osborne,Jobbings,American Samoa,76681778.11
636,Siobhan,Blakelock,Portugal,85895763.07
637,Randie,Domonkos,Czech Republic,70495633.28
638,Nata,Cantillion,China,7453484.33
639,Brocky,Denge,Indonesia,40816138.84
640,Bibbie,Ibert,Canada,75588042.74
641,Jillene,Fosdyke,China,69504544.9
642,Lawry,Rowberry,China,86843275.5
643,Em,Hefforde,Colombia,26769534.64
644,Estella,Danilovic,Czech Republic,98738884.63
645,Idaline,Juste,Poland,2031718.71
646,Giffer,Puckham,Peru,92887182.91
647,Emmalee,de la Valette Parisot,Brazil,87247685.03
648,Keelby,Kuzma,China,4353579.11
649,Myrtie,Garfoot,Moldova,98174981.94
650,Theodore,Hunnicot,Philippines,25410443.31
651,Dode,Dunsmuir,Nigeria,80201602.29
652,Min,Sexty,Colombia,64662282.77
653,Jeremie,Bote,Russia,3649409.47
654,Austine,Breit,Peru,78998254.1
655,Madel,Marcroft,French Polynesia,9291271.0
656,Sibyl,Spawforth,France,42360213.18
657,Theodore,Boulds,Colombia,91524239.02
658,Urbanus,Gofford,Russia,34821570.95
659,Kaspar,Kirkup,France,98350765.6
660,Rennie,Radleigh,Croatia,55023046.84
661,Silvano,Lewry,Russia,45534136.59
662,Peadar,Maddox,China,22570477.58
663,Inga,Measen,Indonesia,23530771.76
664,Melisse,Toten,Indonesia,17235127.81
665,Ivar,Rettie,Tanzania,70242893.95
666,Kennith,Renfrew,Hungary,62065897.01
667,Marven,Bawles,Indonesia,16061075.0
668,Alwin,Motton,Germany,34015414.13
669,Cherilynn,Pynner,Portugal,39114208.39
670,Mignon,Greenhow,Indonesia,43976474.56
671,Bob,Timmes,Philippines,44237546.17
672,Alwin,Guys,Indonesia,93449204.94
673,Lucien,Seviour,Colombia,73336518.54
674,Olly,Locke,China,78373418.25
675,Violet,Arundel,Bolivia,73828711.38
676,Raimundo,Sicely,Croatia,49970039.84
677,Dee,Feldbrin,Greece,91200745.99
678,Christye,Paviour,Indonesia,47313205.96
679,Sholom,Charrisson,China,5644469.0
680,Nat,Tarquini,China,7306729.41
681,Vivianne,Fernan,China,57238844.31
682,Inesita,Clail,Nicaragua,70365501.91
683,Casey,Blagbrough,Russia,19526381.11
684,Rex,Deniske,Russia,29112196.06
685,Elinor,Brazener,Mexico,79344779.33
686,Ryann,di Rocca,Thailand,4183669.05
687,Kort,Klamp,United States,12918090.64
688,Rebeca,Shalliker,China,15181675.43
689,Kirby,Ruse,Afghanistan,17519827.55
690,Malva,Starkings,Japan,43742479.33
691,Hillier,Gasperi,China,47582472.92
692,Brita,Danick,Serbia,31634121.51
693,Zared,Weeden,Indonesia,96613842.33
694,Regen,Attewell,China,65075174.4
695,Selma,Lafflina,Sweden,45463782.25
696,Seumas,Mobberley,Philippines,33919999.64
697,Miltie,Niblett,China,3801437.0
698,Lemmie,Swansborough,Sweden,94588187.37
699,Ruthann,Aldrich,Indonesia,34152854.93
700,Tully,Dosdale,China,18399848.67
701,Warren,Cherrie,Azerbaijan,43859526.54
702,Haroun,Redhead,Greece,57450911.27
703,Rodrigo,Rosiello,Iran,68531002.43
704,Wilmer,Digle,Russia,8127533.0
705,Gordy,Pickersail,Slovenia,55396476.43
706,Jocelyne,Roy,Russia,61884266.02
707,Rodi,Larner,China,37217028.85
708,Analiese,Eschalotte,Brazil,3214979.48
709,Michelina,Faulconer,Poland,16292071.37
710,Edie,Ovenell,France,62584530.53
711,Elaina,Chittock,Brazil,40030359.39
712,Meara,Boughton,China,18421742.75
713,Meredith,Grogono,Thailand,99425404.51
714,Sarina,Francis,Moldova,33821182.27
715,Paola,Dumbleton,Spain,59511212.98
716,Hilary,Haffenden,Poland,98514913.94
717,Consolata,Hails,Poland,81322766.94
718,Myrtie,de Zamora,United Kingdom,47945819.15
719,Lorraine,Dyter,Thailand,47677452.73
720,Marline,Doret,Bulgaria,88839130.66
721,Winni,Lightewood,Mexico,69201771.87
722,Becca,Bang,Greece,46423072.24
723,Papagena,Kave,Argentina,95424756.77
724,Valeda,Unitt,China,62553410.82
725,Tomkin,Richter,Portugal,12005899.68
726,Devlen,Farnon,China,99862700.8
727,Ekaterina,Harty,Nigeria,70003704.51
728,Danny,Chiechio,Indonesia,80292515.13
729,Marline,How to preserve,Vietnam,11413080.56
730,Carin,Malamore,Finland,16215686.54
731,Bobina,Nye,China,52080709.33
732,Kellen,Harriskine,Brazil,27201138.39
733,Roselle,Martin,United States,25357775.88
734,Karoly,Allabush,Indonesia,96173972.54
735,Ulberto,Lidgate,France,38418615.41
736,Jo-ann,Labroue,Brazil,13150309.02
737,Deirdre,O'Doherty,China,63402167.53
738,Corissa,Harlowe,China,52375790.28
739,Tulley,Glancey,Portugal,84158685.76
740,Keven,Harmond,Tunisia,53027344.86
741,Susette,Gossington,China,97924584.05
742,Cello,Linstead,France,36978225.53
743,Hazel,Flatt,China,23106953.09
744,Etienne,Wenban,Iran,43375349.3
745,Kelvin,Petrusch,China,2427290.16
746,Verina,McCorry,Indonesia,99413100.44
747,Gayel,Bromby,China,12492130.02
748,Dynah,Dootson,Malaysia,57755715.22
749,Bord,Heamus,Poland,44784233.6
750,Shayne,Lagneaux,United States,68657297.79
751,Guillaume,Griffoen,China,95788410.68
752,Sauncho,Moorerud,Syria,59661007.14
753,Cassaundra,Benneton,China,19105043.97
754,Cameron,Maddyson,Canada,21357346.63
755,Carmela,Cousins,China,17835730.36
756,Timmy,Cartwright,Sweden,28061624.2
757,Eleni,Jex,Argentina,48226445.52
758,Maryjo,Bull,Portugal,24947721.46
759,Britteny,Killgus,Poland,95091103.21
760,Leland,Moss,Canada,24378353.64
761,Colleen,Bowdon,China,41255486.48
762,Merle,Binge,Portugal,35188454.9
763,Ebeneser,Montford,Guatemala,55237510.35
764,Farica,Kiehl,China,78621885.25
765,Hurley,Hardwich,United States,44535443.05
766,Gerrie,Lorans,Malaysia,14253950.08
767,Sandor,Mallinder,Argentina,38524909.25
768,Hatty,Cavanaugh,Honduras,26201214.22
769,Lorena,Kempstone,Indonesia,80449281.84
770,Mallory,Learoyde,Argentina,72542798.65
771,Farrand,Phillippo,China,62887617.55
772,Dewain,MacTerlagh,Indonesia,40323369.28
773,Haskel,Barkus,Indonesia,48800021.29
774,Zaneta,Brunskill,France,9943576.0
775,Van,Lander,Portugal,29772863.64
776,Alan,Studholme,China,73165941.4
777,Garnette,O'Lenane,Colombia,97456579.54
778,Alfie,Hatwell,Bulgaria,25430624.91
779,Eilis,McColm,Nigeria,39644843.83
780,Zonda,Sproule,France,74313041.22
781,Aylmar,Milington,China,32230847.0
782,Barnard,Mattack,Turkmenistan,98919629.71
783,Baxter,Warrick,China,53507685.54
784,Alanah,Jakucewicz,Portugal,34277461.28
785,Alphonso,Kopf,Indonesia,3289183.36
786,Gare,Seathwright,Portugal,42667315.97
787,Kimmi,Crasford,Brazil,94265990.34
788,Isa,Hentze,Czech Republic,28114422.92
789,Phyllis,Fallanche,China,9316280.0
790,Martelle,Kondrachenko,Cuba,23686481.81
791,Marco,Sheilds,China,25476339.31
792,Monique,Sleep,Philippines,56945136.34
793,Esdras,Caley,France,44835892.11
794,Dallas,Soall,Russia,55456969.66
795,Anetta,Balk,China,29663524.07
796,Derrik,Romaines,Nigeria,5172783.0
797,Nial,Partleton,China,67238867.65
798,Imogen,Skirlin,United States,66355772.82
799,Brana,Scroggins,United States,42598348.21
800,Christy,Prozescky,Bangladesh,82279889.35
801,Karlen,Giovannacci,Japan,23417770.76
802,Corilla,Corker,Philippines,54924476.9
803,Keslie,Liebrecht,Indonesia,61900600.97
804,Buckie,Buckwell,China,66455565.49
805,Kerstin,Freke,China,8010037.95
806,Kingston,Lotte,China,76274630.93
807,Parrnell,Burley,Brazil,41999413.1
808,Grace,Veevers,Botswana,70529232.06
809,Raff,Ahmad,Saudi Arabia,26642314.23
810,Pyotr,Shearsby,Sweden,45454062.59
811,Melissa,Gilmore,Czech Republic,24546460.43
812,Cassy,Blackaller,Greece,33326792.0
813,Kyle,Fulloway,Croatia,15176829.37
814,Neille,Mayou,Sweden,75290562.63
815,Corabelle,Moreby,Cameroon,71716486.55
816,Alasteir,Schuh,Poland,58224179.1
817,Mile,Rimell,Indonesia,16330803.87
818,Gerladina,Dufaire,Argentina,52214449.25
819,Jarrett,Bernardet,Sweden,87441766.56
820,Darrell,Robinet,United States,39024038.66
821,Jacky,Fysh,Poland,91414836.93
822,Sauncho,Corteis,Latvia,75088426.17
823,Erina,Brunotti,China,32500860.62
824,Gwendolen,Stanlick,China,29009901.74
825,Helen-elizabeth,Kenworth,Philippines,38122182.27
826,Alis,Sirmond,Poland,42280606.55
827,Clovis,Sibyllina,China,11842725.13
828,Harbert,Slimming,Indonesia,13731583.11
829,Myranda,Burmingham,Russia,26548775.5
830,Izzy,Canniffe,Indonesia,68217022.74
831,Billie,Side,Thailand,96430983.66
832,Ardenia,Stening,Argentina,65391243.66
833,Brose,Branchflower,Peru,29009990.25
834,Moise,Norster,China,77021199.09
835,Hieronymus,Quadling,Indonesia,77162209.44
836,Heinrik,Wixon,Benin,48418980.33
837,Anissa,Keetley,Indonesia,77753741.71
838,Liz,Dooley,Germany,20515227.3
839,Welby,Itzhayek,Poland,35221725.94
840,Lind,Twomey,China,1561223.87
841,Leila,Letten,China,32854105.66
842,Conrade,Dauney,Thailand,55087147.4
843,Kattie,Luna,France,51825383.91
844,Myca,Osgar,China,73981844.89
845,Morgan,Schust,Greece,39304109.65
846,Stella,Metcalf,Palestinian Territory,40034731.87
847,Arielle,Tysack,Russia,14698837.99
848,Roch,Goodsal,Nigeria,577841.7
849,Karilynn,Pyner,China,24378719.47
850,Thatcher,Malek,China,16531998.62
851,Floria,Horley,Azerbaijan,4522130.38
852,Dannie,Tyre,Russia,96756724.74
853,Arlyne,Dilloway,China,29528191.71
854,Garfield,Bromell,Indonesia,86239123.97
855,Irwin,Beamson,Portugal,79886496.94
856,Bertina,Jennins,China,85400567.42
857,Esdras,Gresswell,France,91889485.52
858,Fifi,Foxcroft,Poland,36966414.37
859,Colly,Parnall,Japan,93816711.01
860,Kaine,Rosenhaus,Brazil,66539406.85
861,Tomi,Sinton,Indonesia,99951859.96
862,Duane,Astupenas,China,20106341.53
863,Bordy,Balint,United States,61721863.65
864,Hardy,Christofle,Russia,57341982.61
865,Fraze,Bartoletti,Russia,6138833.9
866,Noland,Maddrell,China,33166669.48
867,Flora,Bramstom,China,48301869.91
868,Berenice,Marshall,China,66828041.67
869,Batholomew,Beswick,Philippines,72432873.62
870,Crysta,Muddicliffe,Portugal,70911736.8
871,Millard,Tyce,Canada,30344584.01
872,Gabriell,Sendall,China,9960453.0
873,Allene,Perot,China,94870663.82
874,Catha,Denyukhin,China,80991377.4
875,Niki,Calles,Nigeria,57127209.83
876,Coletta,Deer,Thailand,46790196.79
877,Leigh,Strutley,Morocco,26200615.74
878,Terence,Bowcher,Poland,34972798.2
879,Junina,Kean,Sweden,37471096.56
880,Earlie,Kinningley,Poland,93530718.19
881,Hardy,Fellenor,Russia,94538300.42
882,Linc,Mitroshinov,Czech Republic,48971547.64
883,Enrico,Eates,Philippines,50573762.86
884,Emelina,Duchatel,Sweden,32212016.28
885,Clarabelle,Throssell,China,88907438.12
886,Thorndike,Cattlow,Oman,18872983.36
887,Eada,Kasparski,Serbia,80351658.03
888,Bartel,Acreman,South Africa,40586220.56
889,Wilbur,Flatte,Philippines,8040286.0
890,Teriann,Ottley,China,34780676.46
891,Vivyan,Swayte,China,34625528.14
892,Ashil,Gergolet,Sweden,67077997.29
893,Lethia,Thorsen,Ukraine,89451493.83
894,Emmet,Crisford,Sweden,87648081.4
895,Donella,Bewlie,France,86157639.97
896,Staci,Austing,Indonesia,11235936.36
897,Meryl,Wonter,China,57523121.6
898,Oswell,Sabathe,Uganda,55205848.24
899,Isadora,Mila,Poland,76610202.57
900,Eric,Huckerbe,Portugal,91374295.24
901,Nickolai,Bruna,Portugal,37528850.38
902,Ulrike,Domingues,Mexico,57004405.01
903,Genevieve,Gingedale,Spain,80002601.65
904,Hoebart,Bowton,China,45314146.96
905,Georgiana,Byng,China,81289097.07
906,Prinz,Arnao,Madagascar,91310811.37
907,Missy,Neachell,Honduras,49142653.67
908,Tandi,Lanbertoni,Indonesia,19636899.05
909,Rosaline,O'Lahy,Thailand,11273478.45
910,Reggy,Philipard,China,66602145.54
911,Abbot,Packman,China,98345073.0
912,Edik,Ruane,Peru,56542118.8
913,Golda,Gutch,China,79071293.44
914,Marylee,Sorbey,Norway,90840235.17
915,Ann-marie,Doulton,China,77081957.75
916,Zelda,Flacknoe,Philippines,4098105.68
917,Gloriana,Doche,Indonesia,23314566.29
918,Juieta,Merfin,Sweden,63933393.8
919,Hermann,Rouchy,China,3461225.8
920,Carie,Jerzyk,China,29473964.9
921,Kevin,Stave,Morocco,83908844.59
922,Archibold,Pelling,China,17654333.5
923,Britt,Hazeman,China,62031033.38
924,Mady,Shambrook,China,78420950.74
925,Dare,Haskins,Colombia,52101713.38
926,Ashil,De Few,Malaysia,25395742.65
927,Portie,Venour,Indonesia,8054750.36
928,Anett,Bettlestone,Cyprus,45605295.67
929,Alfy,Buttrick,Peru,23628038.74
930,Anastasie,Alekhov,Philippines,84531878.96
931,Jacenta,Donnison,Ireland,30886668.99
932,Darda,Melly,Indonesia,37902133.76
933,Ramona,Caddell,Azerbaijan,64919840.77
934,Lil,de Vaen,France,64443871.59
935,Marc,Levesley,Indonesia,56739252.85
936,Elbertina,Gerry,Sierra Leone,73727952.88
937,Jolyn,Haker,China,87646780.38
938,Jeanne,Imlach,Namibia,6825631.0
939,Tiebold,Taffurelli,Thailand,98140623.2
940,Cleve,Boyton,China,39463302.03
941,Feliza,O'Fogerty,Philippines,16989612.56
942,Mavis,Woolis,Myanmar,87911869.9
943,Mal,Broske,Honduras,75783920.43
944,Dunstan,Bragg,Norway,49672185.7
945,Kyle,Topping,China,42529969.26
946,Leonhard,O'Criane,Portugal,50334443.11
947,Gill,Cabral,Ireland,26420598.62
948,Leola,Durrance,Brazil,92627315.79
949,Sal,Steketee,China,79857174.24
950,Carla,Ledley,Indonesia,99113493.98
951,Viki,McGuckin,Philippines,11952888.71
952,Shaw,Traut,Indonesia,19656396.99
953,Tim,Scobie,China,82939842.54
954,Adel,Newing,Jordan,28821765.23
955,Riva,Dooley,Indonesia,89607539.79
956,Roobbie,Soggee,France,10449634.6
957,Nikolaos,Calken,Philippines,26621344.69
958,Raff,Harsent,China,40825259.68
959,Bert,Banbury,China,9924091.0
960,Jereme,Myton,Senegal,35800380.96
961,Dulsea,Kipling,Canada,74034329.78
962,Yardley,Ruggiero,China,2190375.87
963,Stephanus,Harbin,Latvia,43029510.79
964,Dewitt,Gounin,China,20160827.08
965,Kinnie,Sugar,Indonesia,73925154.9
966,Weston,Pady,Thailand,1851369.06
967,Estella,Morais,China,94952383.36
968,Eugenie,Ross,United States,5593574.35
969,Thacher,Gradon,Benin,15372423.58
970,Moishe,Pepperell,Portugal,13825602.82
971,Lucine,Handslip,Philippines,13452060.81
972,Rhett,Beauman,China,43097413.72
973,Husain,Girodier,Vietnam,61229293.66
974,Skye,Gilbeart,China,14504234.02
975,Annelise,Coase,Malaysia,70670179.84
976,Blondie,Close,Cameroon,90679735.16
977,Clint,Zaple,Azerbaijan,99957456.33
978,Andra,Burgis,Mongolia,882664.29
979,Susy,Goodisson,Indonesia,96670813.08
980,Sergei,Brereton,China,43887071.26
981,Remington,Bamsey,Argentina,39980985.16
982,Leigh,Collimore,Iran,85495764.38
983,Adam,Donnett,China,89592506.01
984,Guillema,Philpot,China,98680074.4
985,Wilfred,Sobczak,Nigeria,65320594.34
986,Nana,Blundon,Egypt,15973011.91
987,Mufinella,Galbreath,Tanzania,94417440.66
988,Bucky,Micklewright,Sudan,25758860.22
989,Wheeler,Steketee,China,8536241.0
990,Talbert,Compston,China,98761955.47
991,Ludvig,Currao,Paraguay,59012460.62
992,Pansie,Keohane,Philippines,63205612.93
993,Jillie,Bravington,China,66428628.0
994,Marisa,Runchman,Thailand,68337453.5
995,Kippie,Edy,Canada,8475341.0
996,Janek,Darragon,Mongolia,31922648.59
997,Hastings,Moorerud,Croatia,8577685.0
998,Celestyna,Kille,United States,30478555.57
999,Dwayne,Janz,Poland,23986487.98
1000,Aliza,Romney,Vietnam,87653649.87
